Id,Neighborhood,GarageType,GarageArea,GarageCars,HouseStyle,YearBuilt,Heating,PoolArea,SalePrice
1,CollgCr,Attchd,548,2,2Story,2003,GasA,0,208500
2,Veenker,Attchd,460,2,1Story,1976,GasA,0,181500
3,CollgCr,Attchd,608,2,2Story,2001,GasA,0,223500
4,Crawfor,Detchd,642,3,2Story,1915,GasA,0,140000
5,NoRidge,Attchd,836,3,2Story,2000,GasA,0,250000
6,Mitchel,Attchd,480,2,1.5Fin,1993,GasA,0,143000
7,Somerst,Attchd,636,2,1Story,2004,GasA,0,307000
8,NWAmes,Attchd,484,2,2Story,1973,GasA,0,200000
9,OldTown,Detchd,468,2,1.5Fin,1931,GasA,0,129900
10,BrkSide,Attchd,205,1,1.5Unf,1939,GasA,0,118000
11,Sawyer,Detchd,384,1,1Story,1965,GasA,0,129500
12,NridgHt,BuiltIn,736,3,2Story,2005,GasA,0,345000
13,Sawyer,Detchd,352,1,1Story,1962,GasA,0,144000
14,CollgCr,Attchd,840,3,1Story,2006,GasA,0,279500
15,NAmes,Attchd,352,1,1Story,1960,GasA,0,157000
16,BrkSide,Detchd,576,2,1.5Unf,1929,GasA,0,132000
17,NAmes,Attchd,480,2,1Story,1970,GasA,0,149000
18,Sawyer,CarPort,516,2,1Story,1967,GasA,0,90000
19,SawyerW,Detchd,576,2,1Story,2004,GasA,0,159000
20,NAmes,Attchd,294,1,1Story,1958,GasA,0,139000
21,NridgHt,BuiltIn,853,3,2Story,2005,GasA,0,325300
22,IDOTRR,Attchd,280,1,1.5Unf,1930,GasA,0,139400
23,CollgCr,Attchd,534,2,1Story,2002,GasA,0,230000
24,MeadowV,Attchd,572,2,1Story,1976,GasA,0,129900
25,Sawyer,Attchd,270,1,1Story,1968,GasA,0,154000
26,NridgHt,Attchd,890,3,1Story,2007,GasA,0,256300
27,NAmes,Detchd,576,2,1Story,1951,GasA,0,134800
28,NridgHt,Attchd,772,3,1Story,2007,GasA,0,306000
29,NAmes,Attchd,319,1,1Story,1957,GasA,0,207500
30,BrkSide,Detchd,240,1,1Story,1927,GasA,0,68500
31,IDOTRR,Detchd,250,1,2Story,1920,GasA,0,40000
32,Sawyer,Attchd,271,1,1Story,1966,GasA,0,149350
33,CollgCr,Attchd,484,2,1Story,2007,GasA,0,179900
34,NAmes,Attchd,447,2,1Story,1959,GasA,0,165500
35,NridgHt,Attchd,556,2,1Story,2005,GasA,0,277500
36,NridgHt,BuiltIn,691,3,2Story,2004,GasA,0,309000
37,CollgCr,Attchd,672,2,1Story,1994,GasA,0,145000
38,NAmes,Attchd,498,2,1Story,1954,GasA,0,153000
39,NAmes,Detchd,246,1,1Story,1953,GasA,0,109000
40,Edwards,None,0,0,1Story,1955,GasA,0,82000
41,NAmes,Attchd,440,2,1Story,1965,GasA,0,160000
42,Timber,Attchd,308,1,1Story,1959,GasA,0,170000
43,SawyerW,Attchd,504,2,SFoyer,1983,GasA,0,144000
44,CollgCr,Detchd,308,1,1Story,1975,GasA,0,130250
45,NAmes,Attchd,300,1,1Story,1959,GasA,0,141000
46,NridgHt,Attchd,576,2,1Story,2005,GasA,0,319900
47,Mitchel,Attchd,670,2,1.5Fin,2003,GasA,0,239686
48,Somerst,Attchd,826,3,1Story,2006,GasA,0,249700
49,OldTown,None,0,0,2Story,1920,GasA,0,113000
50,Sawyer,Attchd,386,1,1Story,1966,GasA,0,127000
51,Gilbert,Attchd,388,2,2Story,1997,GasA,0,177000
52,BrkSide,Detchd,528,2,1.5Fin,1934,GasA,0,114500
53,IDOTRR,CarPort,516,2,1Story,1963,GasA,0,110000
54,Veenker,Attchd,894,3,1Story,1981,GasA,0,385000
55,NAmes,Detchd,572,2,SLvl,1955,GasA,0,130000
56,NAmes,Attchd,576,2,1Story,1964,GasA,0,180500
57,Somerst,Attchd,480,2,2Story,1999,GasA,0,172500
58,CollgCr,Attchd,565,2,2Story,2004,GasA,0,196500
59,StoneBr,BuiltIn,641,3,2Story,2006,GasA,0,438780
60,CollgCr,Detchd,352,1,1Story,1972,GasA,0,124900
61,SawyerW,Detchd,576,2,1Story,2004,GasA,0,158000
62,IDOTRR,Detchd,288,1,2.5Unf,1920,GasA,0,101000
63,NridgHt,Attchd,484,2,1Story,2006,GasA,0,202500
64,OldTown,Detchd,480,2,2Story,1921,GasA,0,140000
65,CollgCr,Attchd,645,2,2Story,1997,GasA,0,219500
66,NridgHt,BuiltIn,852,3,2Story,2004,GasA,0,317000
67,NAmes,Attchd,576,2,1Story,1970,GasA,0,180000
68,CollgCr,Attchd,558,2,1Story,2003,GasA,0,226000
69,OldTown,Attchd,220,1,1Story,1945,GasA,0,80000
70,ClearCr,Attchd,667,2,1.5Fin,1953,GasW,0,225000
71,NAmes,Attchd,516,2,1Story,1973,GasA,0,244000
72,Mitchel,Detchd,360,2,1Story,1982,GasA,0,129500
73,Gilbert,Attchd,427,2,2Story,1998,GasA,0,185000
74,NAmes,Attchd,490,2,1Story,1954,GasA,0,144900
75,OldTown,Detchd,379,1,2Story,1915,GasA,0,107400
76,MeadowV,BuiltIn,297,1,SLvl,1973,GasA,0,91000
77,NAmes,Detchd,283,1,1Story,1956,GasA,0,135750
78,BrkSide,Detchd,240,1,1.5Fin,1948,GasA,0,127000
79,Sawyer,None,0,0,1Story,1968,GasA,0,136500
80,OldTown,Detchd,440,2,2Story,1910,GasA,0,110000
81,NAmes,Attchd,509,1,2Story,1968,GasA,0,193500
82,Mitchel,Attchd,405,2,1Story,1998,GasA,0,153500
83,Somerst,Attchd,758,3,1Story,2007,GasA,0,245000
84,NAmes,Detchd,461,2,1Story,1960,GasA,0,126500
85,Gilbert,BuiltIn,400,2,SLvl,1995,GasA,0,168500
86,NoRidge,Attchd,462,2,2Story,1991,GasA,0,260000
87,Gilbert,BuiltIn,400,2,2Story,2005,GasA,0,174000
88,Somerst,Detchd,528,2,2Story,2009,GasA,0,164500
89,IDOTRR,None,0,0,1.5Fin,1915,GasA,0,85000
90,CollgCr,None,0,0,1Story,1994,GasA,0,123600
91,NAmes,Detchd,420,2,1Story,1950,GasA,0,109900
92,NAmes,Attchd,480,2,1Story,1961,GasA,0,98600
93,Crawfor,Detchd,432,2,1Story,1921,GasA,0,163500
94,OldTown,Detchd,506,2,2.5Unf,1910,GasW,0,133900
95,CollgCr,Attchd,684,2,2Story,1997,GasA,0,204750
96,Gilbert,BuiltIn,420,2,2Story,1993,GasA,0,185000
97,CollgCr,Attchd,472,2,1Story,1999,GasA,0,214000
98,Edwards,Attchd,432,1,1Story,1965,GasA,0,94750
99,Edwards,Basment,366,1,1Story,1920,GasA,0,83000
100,NAmes,None,0,0,1Story,1959,GasA,0,128950
101,NWAmes,Attchd,480,2,1Story,1977,GasA,0,205000
102,SawyerW,Attchd,476,2,2Story,1985,GasA,0,178000
103,SawyerW,Attchd,410,2,1Story,1979,GasA,0,118964
104,CollgCr,Attchd,740,3,1Story,2009,GasA,0,198900
105,IDOTRR,Detchd,240,1,1.5Fin,1931,GasA,0,169500
106,Somerst,Attchd,648,2,2Story,2003,GasA,0,250000
107,OldTown,Detchd,273,1,1Story,1885,GasA,0,100000
108,OldTown,Detchd,250,1,1Story,1948,GasA,0,115000
109,IDOTRR,None,0,0,1.5Fin,1919,GasW,0,115000
110,NWAmes,Attchd,546,2,1Story,1977,GasA,0,190000
111,Edwards,Attchd,325,1,1.5Fin,1954,GasA,0,136900
112,Gilbert,BuiltIn,400,2,SLvl,2000,GasA,0,180000
113,CollgCr,BuiltIn,792,3,2Story,2007,GasA,0,383970
114,Crawfor,Basment,450,2,1Story,1953,GasA,0,217000
115,Crawfor,Detchd,180,1,2Story,1945,GasA,0,259500
116,Somerst,Detchd,440,2,2Story,1999,GasA,0,176000
117,Sawyer,Attchd,288,1,1Story,1962,GasA,0,139000
118,Edwards,Attchd,430,2,1Story,2006,GasA,0,155000
119,SawyerW,Attchd,594,3,2Story,1990,GasA,0,320000
120,CollgCr,Attchd,390,2,2Story,2005,GasA,0,163990
121,ClearCr,Attchd,540,2,SLvl,1969,GasA,0,180000
122,IDOTRR,Detchd,264,1,1.5Fin,1939,GasA,0,100000
123,NAmes,Attchd,288,1,1Story,1958,GasA,0,136000
124,SawyerW,Attchd,530,2,1Story,1993,GasA,0,153900
125,NWAmes,Attchd,435,2,1Story,1979,GasA,0,181000
126,IDOTRR,None,0,0,1.5Fin,1935,GasA,0,84500
127,NPkVill,Attchd,440,2,1Story,1976,GasA,0,128000
128,OldTown,None,0,0,1.5Unf,1930,GasA,0,87000
129,NAmes,Attchd,453,2,2Story,1966,GasA,0,155000
130,NAmes,2Types,750,2,1Story,1958,GasA,0,150000
131,NAmes,Attchd,487,2,2Story,1966,GasA,0,226000
132,Gilbert,BuiltIn,390,2,2Story,2000,GasA,0,244000
133,NAmes,Detchd,624,2,1Story,1959,GasA,0,150750
134,Timber,Attchd,471,2,1Story,2001,GasA,0,220000
135,Sawyer,Attchd,440,2,1Story,1968,GasA,0,180000
136,NWAmes,Attchd,530,2,1Story,1970,GasA,0,174000
137,NAmes,Attchd,318,1,1Story,1967,GasA,0,143000
138,Mitchel,2Types,766,3,1Story,1988,GasA,0,171000
139,CollgCr,Attchd,660,3,2Story,1999,GasA,0,230000
140,CollgCr,Attchd,470,2,2Story,1997,GasA,0,231500
141,NAmes,None,0,0,1Story,1971,GasA,0,115000
142,CollgCr,Attchd,660,2,1Story,2005,GasA,0,260000
143,NAmes,Detchd,720,2,1.5Fin,1952,GasA,0,166000
144,CollgCr,Attchd,577,2,1Story,1999,GasA,0,204000
145,Sawyer,Detchd,504,2,1Story,1963,GasA,0,125000
146,Edwards,Detchd,380,2,2Story,2004,GasA,0,130000
147,BrkSide,Detchd,180,1,1Story,1931,GasA,0,105000
148,Gilbert,BuiltIn,434,2,2Story,2001,GasA,0,222500
149,SawyerW,None,0,0,1Story,2004,GasA,0,141000
150,BrkSide,Detchd,240,1,1.5Fin,1936,GasA,0,115000
151,CollgCr,Attchd,440,2,1Story,1975,GasA,0,122000
152,NridgHt,Attchd,866,3,1Story,2007,GasA,0,372402
153,NWAmes,Attchd,495,2,2Story,1971,GasA,0,190000
154,ClearCr,Attchd,564,2,1Story,1960,GasA,0,235000
155,OldTown,Detchd,312,1,1Story,1923,GasA,0,125000
156,Edwards,None,0,0,1.5Fin,1924,Grav,0,79000
157,NAmes,Detchd,625,2,1Story,1950,GasA,0,109500
158,Timber,BuiltIn,680,3,2Story,2009,GasA,0,269500
159,Somerst,Attchd,678,2,2Story,2004,GasA,0,254900
160,Gilbert,Attchd,576,2,2Story,2005,GasA,0,320000
161,Veenker,Attchd,516,2,1Story,1984,GasA,0,162500
162,NridgHt,BuiltIn,726,3,2Story,2003,GasA,0,412500
163,NridgHt,Attchd,532,2,1Story,2005,GasA,0,220000
164,OldTown,None,0,0,1.5Unf,1956,GasA,0,103200
165,OldTown,Detchd,216,1,1Story,1926,GasA,0,152000
166,Edwards,None,0,0,1.5Fin,1940,GasA,0,127500
167,ClearCr,Attchd,303,1,1Story,1955,GasA,0,190000
168,NridgHt,Attchd,789,3,2Story,2007,GasA,0,325624
169,Gilbert,Attchd,440,2,2Story,2004,GasA,0,183500
170,Timber,Attchd,511,2,1Story,1981,GasA,0,228000
171,OldTown,Detchd,660,2,1.5Fin,1941,GasA,0,128500
172,NAmes,Attchd,528,2,1Story,1960,GasA,0,215000
173,StoneBr,Attchd,504,2,2Story,1987,GasA,0,239000
174,NAmes,Attchd,504,2,1Story,1961,GasA,0,163000
175,Timber,Attchd,616,2,1Story,1986,GasA,0,184000
176,Edwards,Attchd,576,2,1Story,1950,GasA,0,243000
177,ClearCr,Attchd,521,2,2Story,1988,GasA,0,211000
178,Sawyer,Attchd,451,2,1.5Fin,1958,GasA,0,172500
179,StoneBr,Attchd,1166,3,1Story,2008,GasA,0,501837
180,OldTown,Detchd,480,2,1Story,1923,GasA,0,100000
181,Somerst,Detchd,440,2,2Story,2000,GasA,0,177000
182,Crawfor,Detchd,216,1,2Story,1920,GasA,0,200100
183,Edwards,Attchd,252,1,1Story,1957,GasA,0,120000
184,OldTown,Detchd,484,2,1.5Fin,2003,GasA,0,200000
185,BrkSide,Attchd,576,2,1.5Fin,1908,GasA,0,127000
186,OldTown,Detchd,840,3,2.5Fin,1892,GasA,0,475000
187,Mitchel,Attchd,497,2,SLvl,1990,GasA,0,173000
188,OldTown,Detchd,180,1,1.5Fin,1916,GasA,0,135000
189,SawyerW,Detchd,528,2,SFoyer,1979,GasA,0,153337
190,StoneBr,Attchd,682,2,1Story,2001,GasA,0,286000
191,Crawfor,Detchd,440,2,2Story,1932,GasA,0,315000
192,NAmes,Attchd,484,2,2Story,1972,GasA,0,184000
193,CollgCr,Attchd,666,2,1Story,1999,GasA,0,192000
194,Edwards,Detchd,380,2,2Story,2004,GasA,0,130000
195,CollgCr,Detchd,352,1,1Story,1972,GasA,0,127000
196,NPkVill,Attchd,440,2,2Story,1976,GasA,0,148500
197,Somerst,Attchd,786,3,1Story,2007,GasA,0,311872
198,NAmes,Detchd,795,2,2Story,1918,GasA,512,235000
199,OldTown,None,0,0,2.5Fin,1912,GasA,0,104000
200,NridgHt,Attchd,856,3,1Story,2004,GasA,0,274900
201,Edwards,Attchd,440,2,1Story,2003,GasA,0,140000
202,Mitchel,Detchd,473,2,1Story,1977,GasA,0,171500
203,OldTown,Attchd,398,1,1.5Fin,1924,GasA,0,112000
204,CollgCr,Attchd,420,2,1Story,2004,GasA,0,149000
205,OldTown,Detchd,240,1,1.5Fin,1947,GasA,0,110000
206,Gilbert,Attchd,500,2,1Story,1990,GasA,0,180500
207,Sawyer,Attchd,349,1,1Story,1962,GasA,0,143900
208,NAmes,Attchd,312,1,1Story,1960,GasA,0,141000
209,SawyerW,Attchd,454,2,2Story,1988,GasA,0,277000
210,NAmes,Attchd,504,2,1Story,1964,GasA,0,145000
211,Edwards,None,0,0,1Story,1925,GasA,0,98000
212,Edwards,Attchd,460,2,1Story,2009,GasA,0,186000
213,Somerst,Attchd,644,2,2Story,2009,GasA,0,252678
214,CollgCr,Attchd,576,2,1Story,1995,GasA,0,156000
215,CollgCr,Attchd,299,1,2Story,1977,GasA,0,161750
216,NAmes,Attchd,447,1,1Story,1957,GasA,0,134450
217,CollgCr,Attchd,484,2,1Story,2004,GasA,0,210000
218,OldTown,Detchd,210,1,2Story,1925,GasA,0,107000
219,Crawfor,Attchd,431,2,1.5Fin,1939,GasA,0,311500
220,Blmngtn,Attchd,438,2,1Story,2005,GasA,0,167240
221,CollgCr,Attchd,675,2,1Story,2006,GasA,0,204900
222,Gilbert,BuiltIn,390,2,2Story,2002,GasA,0,200000
223,NWAmes,Attchd,434,2,2Story,1975,GasA,0,179900
224,NAmes,Detchd,576,2,1Story,1971,GasA,0,97000
225,NridgHt,Attchd,968,3,1Story,2003,GasA,0,386250
226,BrDale,Detchd,280,1,2Story,1971,GasA,0,112000
227,NoRidge,Attchd,721,3,2Story,1995,GasA,0,290000
228,BrDale,Detchd,280,1,2Story,1970,GasA,0,106000
229,Sawyer,Detchd,336,1,1Story,1967,GasA,0,125000
230,Blmngtn,Attchd,430,2,1Story,2005,GasA,0,192500
231,NAmes,Attchd,312,1,1Story,1959,GasA,0,148000
232,NoRidge,Attchd,810,3,2Story,1995,GasA,0,403000
233,BrDale,Attchd,288,1,2Story,1972,GasA,0,94500
234,CollgCr,Attchd,308,1,1Story,1976,GasA,0,128200
235,Gilbert,BuiltIn,440,2,2Story,2002,GasA,0,216500
236,BrDale,Detchd,264,1,2Story,1971,GasA,0,89500
237,CollgCr,Attchd,494,2,1Story,2004,GasA,0,185500
238,SawyerW,Attchd,457,2,2Story,1993,GasA,0,194500
239,NridgHt,Attchd,818,3,1Story,2007,GasA,0,318000
240,Edwards,Detchd,220,1,1.5Fin,1945,GasA,0,113000
241,Somerst,Attchd,750,2,1Story,2008,GasA,0,262500
242,OldTown,None,0,0,1Story,1945,GasA,0,110500
243,OldTown,Attchd,352,1,1.5Fin,1900,GasA,0,79000
244,SawyerW,Attchd,288,1,2Story,1980,GasA,0,120000
245,SawyerW,Attchd,463,2,2Story,1994,GasA,0,205000
246,NWAmes,Attchd,604,2,1Story,1988,GasA,0,241500
247,OldTown,Detchd,440,1,2Story,1910,GasA,0,137000
248,NAmes,Attchd,451,2,1Story,1954,GasA,0,140000
249,CollgCr,Attchd,500,2,2Story,2003,GasA,0,180000
250,ClearCr,Attchd,389,2,1.5Fin,1958,GasA,0,277000
251,BrkSide,None,0,0,1Story,1940,GasA,0,76500
252,Crawfor,Attchd,538,2,1Story,2006,GasA,0,235000
253,SawyerW,Attchd,520,2,2Story,2004,GasA,0,173000
254,NAmes,Attchd,309,1,SLvl,1964,GasA,0,158000
255,NAmes,Attchd,294,1,1Story,1957,GasA,0,145000
256,Gilbert,BuiltIn,429,2,2Story,1999,GasA,0,230000
257,Somerst,Attchd,673,2,2Story,2003,GasA,0,207500
258,CollgCr,Attchd,660,2,1Story,2006,GasA,0,220000
259,CollgCr,Attchd,564,2,2Story,2001,GasA,0,231500
260,OldTown,Detchd,308,1,1Story,1956,GasA,0,97000
261,NAmes,Attchd,884,2,SLvl,1962,GasA,0,176000
262,CollgCr,BuiltIn,868,3,2Story,2007,GasA,0,276000
263,Sawyer,Attchd,492,2,SLvl,1977,GasA,0,151000
264,OldTown,Detchd,484,2,1.5Fin,1929,GasA,0,130000
265,OldTown,Detchd,504,2,1Story,1925,GasA,0,73000
266,NWAmes,Attchd,576,2,1Story,1981,GasA,0,175500
267,Gilbert,Attchd,413,2,2Story,1997,GasA,0,185000
268,SWISU,Detchd,240,1,2.5Fin,1939,GasA,0,179500
269,IDOTRR,Detchd,924,1,1Story,1940,GasA,0,120500
270,Edwards,Attchd,504,1,1Story,1976,GasA,0,148000
271,Somerst,Attchd,1053,3,2Story,2006,GasA,0,266000
272,ClearCr,Attchd,439,2,1Story,1954,GasA,0,241500
273,NoRidge,Attchd,671,3,2Story,1999,GasA,0,290000
274,NAmes,Attchd,338,1,1Story,1958,GasA,0,139000
275,Mitchel,Attchd,264,1,1Story,1982,GasA,0,124500
276,BrkSide,Detchd,672,2,1.5Fin,1925,GasW,0,205000
277,Mitchel,Attchd,573,2,1Story,2003,GasA,0,201000
278,Gilbert,Detchd,400,2,1Story,1951,GasA,0,141000
279,NridgHt,Attchd,732,3,1Story,2006,GasA,0,415298
280,ClearCr,Attchd,505,2,2Story,1977,GasA,0,192000
281,SawyerW,Attchd,575,2,2Story,1989,GasA,0,228500
282,Somerst,Attchd,572,2,1Story,2006,GasA,0,185000
283,NridgHt,Attchd,626,2,1Story,2007,GasA,0,207500
284,Somerst,Attchd,898,3,1Story,2008,GasA,0,244600
285,SawyerW,Attchd,529,2,1Story,1992,GasA,0,179200
286,Somerst,Detchd,528,2,2Story,2006,GasA,0,164700
287,NAmes,Attchd,440,2,1.5Fin,1962,GasA,0,159000
288,NAmes,None,0,0,1Story,1971,GasA,0,88000
289,Sawyer,Detchd,280,1,1Story,1967,GasA,0,122000
290,BrkSide,Detchd,384,1,2Story,1915,GasA,0,153575
291,CollgCr,Attchd,685,2,2Story,2006,GasA,0,233230
292,SWISU,None,0,0,2Story,1912,GasA,0,135900
293,Edwards,Attchd,281,1,1.5Fin,1949,GasA,0,131000
294,NWAmes,Attchd,539,2,2Story,1977,GasA,0,235000
295,NAmes,Attchd,418,2,1Story,1953,GasA,0,167000
296,Mitchel,Detchd,588,2,SLvl,1984,GasA,0,142500
297,IDOTRR,Attchd,282,1,1.5Fin,1950,GasA,0,152000
298,Somerst,Detchd,576,2,2Story,1997,GasA,0,239000
299,NWAmes,Attchd,539,2,2Story,1968,GasA,0,175000
300,Crawfor,Attchd,300,1,1Story,1950,GasA,0,158500
301,Crawfor,Attchd,375,1,1Story,1953,GasA,0,157000
302,CollgCr,BuiltIn,683,2,2Story,1998,GasA,0,267000
303,CollgCr,Attchd,843,3,1Story,2001,GasA,0,205000
304,CollgCr,Attchd,552,2,1Story,1972,GasA,0,149900
305,OldTown,Attchd,870,3,2.5Fin,1880,GasA,0,295000
306,CollgCr,Attchd,888,3,1Story,2004,GasA,0,305900
307,SawyerW,Attchd,746,3,2Story,1990,GasA,0,225000
308,IDOTRR,None,0,0,1.5Fin,1920,GasA,0,89500
309,Edwards,Detchd,539,2,1Story,1940,GasA,0,82500
310,NridgHt,Attchd,708,3,1Story,2003,GasA,0,360000
311,Gilbert,Attchd,420,2,2Story,1993,GasA,0,165600
312,NAmes,Detchd,240,1,1Story,1948,GasA,0,132000
313,OldTown,Detchd,410,2,1.5Fin,1939,GasA,0,119900
314,Timber,Attchd,513,2,1Story,1965,GasW,0,375000
315,OldTown,Detchd,546,2,2Story,1925,GasA,0,178000
316,Gilbert,Attchd,432,2,2Story,2004,GasA,0,188500
317,NWAmes,Attchd,484,2,2Story,1980,GasA,0,260000
318,Somerst,Attchd,1025,3,2Story,2006,GasA,0,270000
319,NoRidge,Attchd,656,3,2Story,1993,GasA,0,260000
320,NWAmes,Attchd,588,2,SLvl,1980,GasA,0,187500
321,NridgHt,Attchd,840,3,2Story,2006,GasA,0,342643
322,NridgHt,BuiltIn,872,3,2Story,2004,GasA,0,354000
323,SawyerW,Attchd,576,2,2Story,1986,GasA,0,301000
324,OldTown,Attchd,220,1,1Story,1955,GasA,0,126175
325,NAmes,BuiltIn,564,2,SLvl,1967,GasA,0,242000
326,IDOTRR,Detchd,360,2,1.5Unf,1941,GasA,0,87000
327,Veenker,Attchd,473,2,1Story,1993,GasA,0,324000
328,NAmes,Attchd,292,1,1Story,1960,GasA,0,145250
329,BrkSide,Detchd,441,2,2.5Unf,1916,GasA,0,214500
330,IDOTRR,Detchd,189,1,2Story,1920,GasA,0,78000
331,NAmes,Detchd,352,1,1Story,1964,GasA,0,119000
332,NAmes,Attchd,308,1,1Story,1958,GasA,0,139000
333,NridgHt,Attchd,880,3,1Story,2003,GasA,0,284000
334,NridgHt,Attchd,484,2,1Story,2004,GasA,0,207000
335,Gilbert,Attchd,472,2,2Story,1998,GasA,0,192000
336,Timber,Attchd,529,2,1.5Fin,1965,GasA,0,228950
337,StoneBr,Attchd,676,3,1Story,2005,GasA,0,377426
338,CollgCr,Attchd,532,2,1Story,2002,GasA,0,214000
339,NWAmes,Attchd,440,2,1Story,1984,GasA,0,202500
340,NAmes,Attchd,297,1,1Story,1958,GasA,0,155000
341,Timber,Attchd,431,2,2Story,2002,GasA,0,202900
342,SawyerW,CarPort,294,1,1Story,1950,GasA,0,82000
343,NAmes,Detchd,400,2,1Story,1949,Wall,0,87500
344,NridgHt,Attchd,564,2,1Story,2005,GasA,0,266000
345,MeadowV,Attchd,336,1,2Story,1976,GasA,0,85000
346,BrkSide,Detchd,312,1,1.5Fin,1939,GasA,0,140200
347,NAmes,Attchd,301,1,1Story,1960,GasA,0,151500
348,NAmes,Attchd,498,2,1Story,1960,GasA,0,157500
349,NridgHt,BuiltIn,474,2,2Story,2003,GasA,0,154000
350,NridgHt,Attchd,706,3,2Story,2005,GasA,0,437154
351,NridgHt,Attchd,617,2,1Story,2007,GasA,0,318061
352,ClearCr,Attchd,445,2,1Story,1986,GasA,0,190000
353,Edwards,Detchd,200,1,1.5Fin,1941,GasA,0,95000
354,OldTown,Detchd,484,2,1Story,1928,GasA,0,105900
355,SWISU,Attchd,240,1,1.5Fin,1940,GasA,0,140000
356,CollgCr,Attchd,521,2,1Story,1995,GasA,0,177500
357,Gilbert,Attchd,400,2,1Story,1992,GasA,0,173000
358,MeadowV,Attchd,528,2,1Story,1976,GasA,0,134000
359,ClearCr,BuiltIn,288,1,SLvl,1958,GasA,0,130000
360,NoRidge,Attchd,592,2,2Story,1998,GasA,0,280000
361,Mitchel,Attchd,470,2,SFoyer,1978,GasA,0,156000
362,BrkSide,Detchd,240,1,1.5Fin,1940,GasA,0,145000
363,Edwards,BuiltIn,672,2,SFoyer,2003,GasA,0,198500
364,BrDale,Detchd,264,1,2Story,1972,GasA,0,118000
365,NWAmes,Attchd,566,2,2Story,1976,GasA,0,190000
366,IDOTRR,Detchd,468,1,2Story,1920,GasA,0,147000
367,NAmes,Attchd,514,2,1Story,1963,GasA,0,159000
368,NAmes,Basment,296,1,SLvl,1962,GasA,0,165000
369,NAmes,Attchd,244,1,1Story,1954,GasA,0,132000
370,NAmes,Detchd,576,2,1Story,1959,GasA,0,162000
371,Gilbert,Attchd,460,2,2Story,2000,GasA,0,172400
372,ClearCr,Detchd,680,2,1.5Fin,1959,GasA,0,134432
373,SawyerW,Attchd,264,1,1Story,1984,GasA,0,125000
374,NAmes,Attchd,270,1,1Story,1953,GasA,0,123000
375,CollgCr,BuiltIn,434,2,2Story,2003,GasA,0,219500
376,Edwards,None,0,0,1Story,1922,GasA,0,61000
377,CollgCr,Detchd,576,2,SFoyer,1996,GasA,0,148000
378,Somerst,Attchd,610,2,2Story,2004,GasA,0,340000
379,StoneBr,Attchd,834,3,1Story,2010,GasA,0,394432
380,Gilbert,Attchd,463,2,2Story,2000,GasA,0,179000
381,SWISU,Detchd,308,1,1.5Fin,1924,GasA,0,127000
382,Somerst,Attchd,572,2,1Story,2006,GasA,0,187750
383,CollgCr,Attchd,639,2,2Story,2006,GasA,0,213500
384,SawyerW,Detchd,360,2,1.5Unf,1928,GasA,0,76000
385,ClearCr,Attchd,501,2,2Story,1992,GasA,0,240000
386,Blmngtn,Attchd,430,2,1Story,2004,GasA,0,192000
387,Edwards,None,0,0,1.5Fin,1910,GasA,0,81000
388,Edwards,Detchd,352,1,SLvl,1976,GasA,0,125000
389,CollgCr,Attchd,577,2,1Story,1999,GasA,0,191000
390,NridgHt,BuiltIn,846,3,2Story,2007,GasA,0,426000
391,Edwards,Detchd,384,1,1.5Fin,1900,GasA,0,119000
392,Mitchel,BuiltIn,560,2,2Story,2001,GasA,0,215000
393,NAmes,Attchd,294,1,1Story,1959,GasA,0,106500
394,BrkSide,None,0,0,1Story,1941,GasA,0,100000
395,OldTown,Detchd,240,1,1.5Fin,1940,GasA,0,109000
396,Edwards,Attchd,596,1,1Story,1956,GasA,0,129000
397,CollgCr,Detchd,600,2,1Story,1972,GasA,0,123000
398,NAmes,Attchd,264,1,2Story,1962,GasA,0,169500
399,IDOTRR,Detchd,338,1,1Story,1920,GasA,0,67000
400,Somerst,Attchd,438,2,2Story,2006,GasA,0,241000
401,Veenker,Attchd,500,2,1Story,1996,GasA,0,245500
402,CollgCr,Attchd,400,2,1Story,2005,GasA,0,164990
403,Sawyer,Detchd,240,1,1Story,1940,GasA,0,108000
404,NoRidge,BuiltIn,420,2,2Story,1998,GasA,0,258000
405,Gilbert,BuiltIn,373,2,2Story,1995,GasA,0,168000
406,Sawyer,Attchd,490,2,1Story,1976,GasA,0,150000
407,SWISU,Detchd,240,1,1.5Fin,1936,GasA,0,115000
408,Crawfor,Attchd,308,1,2Story,1915,GasA,0,177000
409,NridgHt,Attchd,947,3,2Story,2006,GasA,0,280000
410,Somerst,Attchd,836,3,2Story,2007,GasA,0,339750
411,Edwards,Attchd,350,1,1Story,1958,GasA,0,60000
412,Gilbert,Attchd,572,2,1Story,1955,GasA,0,145000
413,Somerst,Attchd,484,2,1Story,2009,GasA,0,222000
414,OldTown,Detchd,360,2,1Story,1927,GasA,0,115000
415,SawyerW,Attchd,678,3,2Story,1993,GasA,0,228000
416,Gilbert,Attchd,396,2,1Story,2007,GasA,0,181134
417,Sawyer,Attchd,440,2,2Story,1978,GasA,0,149500
418,Crawfor,Detchd,864,3,2Story,1918,GasW,0,239000
419,Edwards,Detchd,240,1,1.5Fin,1940,GasA,0,126000
420,NAmes,Attchd,304,1,1Story,1968,GasA,0,142000
421,Mitchel,Attchd,784,4,SFoyer,1997,GasA,0,206300
422,NWAmes,Attchd,529,2,1Story,1977,GasA,0,215000
423,Mitchel,Attchd,520,2,1Story,1954,GasA,0,113000
424,NoRidge,Attchd,696,3,2Story,1998,GasA,0,315000
425,NAmes,Attchd,297,1,1Story,1956,GasA,0,139000
426,OldTown,Detchd,240,1,2Story,1946,GasA,0,135000
427,SawyerW,Attchd,569,2,SLvl,1989,GasA,0,275000
428,NAmes,Detchd,352,1,1Story,1957,GasA,0,109008
429,CollgCr,Attchd,628,2,1Story,2007,GasA,0,195400
430,Timber,Attchd,576,2,1Story,1988,GasA,0,175000
431,BrDale,Detchd,264,1,2Story,1971,GasA,0,85400
432,OldTown,None,0,0,1.5Fin,1920,GasA,0,79900
433,BrDale,Detchd,440,2,2Story,1971,GasA,0,122500
434,Gilbert,Attchd,470,2,2Story,1997,GasA,0,181000
435,MeadowV,None,0,0,SFoyer,1972,GasA,0,81000
436,CollgCr,Attchd,550,2,2Story,1996,GasA,0,212000
437,OldTown,Detchd,440,2,1.5Fin,1920,GasA,0,116000
438,BrkSide,Detchd,180,1,1.5Unf,1926,GasA,0,119000
439,Crawfor,Detchd,352,1,1Story,1913,GasA,0,90350
440,Edwards,Detchd,528,2,1.5Fin,1920,GasA,0,110000
441,NridgHt,Attchd,672,3,1Story,2008,GasA,0,555000
442,Edwards,None,0,0,1Story,1955,GasA,0,118000
443,BrkSide,Detchd,360,2,1.5Fin,1930,GasA,0,162900
444,Blmngtn,Attchd,648,3,1Story,2006,GasA,0,172500
445,CollgCr,Attchd,493,2,2Story,1994,GasA,0,210000
446,Edwards,Attchd,480,2,1Story,1956,GasA,0,127500
447,NAmes,Attchd,578,2,1Story,1966,GasA,0,190000
448,Gilbert,Attchd,431,2,2Story,1998,GasA,0,199900
449,IDOTRR,Detchd,198,1,1.5Fin,1937,GasA,0,119500
450,OldTown,Detchd,308,1,1.5Fin,1948,GasA,0,120000
451,OldTown,Detchd,270,1,1Story,1930,GasA,0,110000
452,ClearCr,Attchd,576,2,1Story,1975,GasA,0,280000
453,Timber,Attchd,422,2,2Story,1996,GasA,0,204000
454,Somerst,Attchd,676,2,2Story,2008,GasA,0,210000
455,Mitchel,Detchd,560,2,1Story,1976,GasA,0,188000
456,NWAmes,Attchd,528,2,1Story,1973,GasA,0,175500
457,OldTown,Detchd,513,3,2Story,1916,GasA,0,98000
458,ClearCr,Attchd,529,2,1Story,1954,GasA,0,256000
459,OldTown,Detchd,228,1,2Story,1925,GasA,0,161000
460,BrkSide,Detchd,352,1,1.5Fin,1950,GasA,0,110000
461,Somerst,BuiltIn,552,2,2Story,2009,GasA,0,263435
462,SWISU,Detchd,576,2,2Story,1936,GasA,0,155000
463,Sawyer,Detchd,360,1,1Story,1965,GasA,0,62383
464,Crawfor,Detchd,240,1,2Story,1934,GasA,0,188700
465,CollgCr,None,0,0,1Story,1978,GasA,0,124000
466,Blmngtn,Attchd,398,2,1Story,2004,GasA,0,178740
467,NAmes,Attchd,526,2,1Story,1970,GasA,0,167000
468,NAmes,Attchd,312,1,2Story,1942,GasA,0,146500
469,NridgHt,Attchd,866,3,1Story,2006,GasA,0,250000
470,SawyerW,Attchd,506,2,2Story,1993,GasA,0,187000
471,StoneBr,Attchd,528,2,1Story,1985,GasA,0,212000
472,NWAmes,Attchd,534,2,2Story,1977,GasA,0,190000
473,Edwards,Basment,525,2,SLvl,2005,GasA,0,148000
474,NridgHt,Attchd,908,3,1Story,2006,GasA,0,440000
475,StoneBr,Attchd,499,2,1Story,2000,GasA,0,251000
476,Sawyer,Detchd,624,2,1Story,1963,GasA,0,132500
477,CollgCr,Attchd,508,2,1Story,1997,GasA,0,208900
478,NridgHt,BuiltIn,694,3,2Story,2006,GasA,0,380000
479,CollgCr,Attchd,826,3,1Story,2007,GasA,0,297000
480,OldTown,Detchd,672,2,1Story,1937,GasA,0,89471
481,NridgHt,Attchd,772,3,1Story,2004,GasA,0,326000
482,NridgHt,Attchd,874,3,1Story,2003,GasA,0,374000
483,OldTown,Attchd,164,1,2Story,1915,GasA,0,155000
484,Mitchel,Attchd,402,2,1Story,1998,GasA,0,164000
485,Sawyer,Detchd,264,1,1Story,1962,GasA,0,132500
486,NAmes,Attchd,264,1,1Story,1950,GasA,0,147000
487,NAmes,Attchd,515,2,1Story,1965,GasA,0,156000
488,NWAmes,Attchd,487,2,1Story,1971,GasA,0,175000
489,OldTown,Attchd,520,2,1.5Fin,1900,GasA,0,160000
490,MeadowV,Attchd,286,1,SFoyer,1970,GasA,0,86000
491,MeadowV,BuiltIn,336,1,2Story,1976,GasA,0,115000
492,NAmes,Attchd,240,1,1.5Fin,1941,GasA,0,133000
493,Gilbert,Attchd,429,2,2Story,2006,GasA,0,172785
494,NAmes,Detchd,308,1,1Story,1960,GasA,0,155000
495,OldTown,Attchd,273,1,1Story,1938,GasA,0,91300
496,IDOTRR,None,0,0,1Story,1920,GasA,0,34900
497,NoRidge,Attchd,546,2,1Story,1992,GasA,0,430000
498,BrkSide,Detchd,240,1,1.5Fin,1925,GasA,0,184000
499,Sawyer,Attchd,288,1,1Story,1967,GasA,0,130000
500,NAmes,Attchd,297,1,1Story,1958,GasA,0,120000
501,BrDale,Detchd,264,1,2Story,1973,GasA,0,113000
502,Somerst,Attchd,603,2,2Story,2005,GasA,0,226700
503,Edwards,Detchd,461,2,1Story,1965,GasA,0,140000
504,Crawfor,Attchd,484,2,1Story,1959,GasA,0,289000
505,NPkVill,Attchd,440,2,2Story,1974,GasA,0,147000
506,OldTown,Detchd,400,2,2Story,1952,GasA,0,124500
507,SawyerW,Attchd,471,2,2Story,1993,GasA,0,215000
508,Somerst,Attchd,676,2,1Story,2009,GasA,0,208300
509,OldTown,Detchd,360,2,2Story,1928,GasA,0,161000
510,NAmes,Attchd,270,1,1Story,1959,GasA,0,124500
511,NAmes,CarPort,288,1,1Story,1951,GasA,0,164900
512,NridgHt,Attchd,474,2,1Story,2005,GasA,0,202665
513,NAmes,Detchd,624,2,1Story,1958,GasA,0,129900
514,Mitchel,Attchd,484,2,1Story,1983,GasA,0,134000
515,Crawfor,Detchd,200,1,1.5Unf,1926,Grav,0,96500
516,NridgHt,Attchd,900,3,1Story,2009,GasA,0,402861
517,NWAmes,Attchd,583,2,SLvl,1972,GasA,0,158000
518,NoRidge,Attchd,889,3,2Story,1996,GasA,0,265000
519,CollgCr,Attchd,546,2,2Story,1998,GasA,0,211000
520,Crawfor,Detchd,282,1,2Story,1926,GasA,0,234000
521,OldTown,None,0,0,2Story,1900,GasA,0,106250
522,NAmes,Attchd,336,1,1Story,1957,GasA,0,150000
523,BrkSide,Detchd,420,2,1.5Fin,1947,GasA,0,159000
524,Edwards,BuiltIn,884,3,2Story,2007,GasA,0,184750
525,NoRidge,Attchd,834,3,2Story,1996,GasA,0,315750
526,Somerst,Attchd,453,2,1Story,2005,GasA,0,176000
527,NAmes,Attchd,252,1,1Story,1956,GasA,0,132000
528,NridgHt,Attchd,858,3,2Story,2008,GasA,0,446261
529,Edwards,None,0,0,1Story,1920,GasA,0,86000
530,Crawfor,Attchd,484,2,1Story,1957,GasA,0,200624
531,Timber,Attchd,600,2,SLvl,1988,GasA,0,175000
532,BrkSide,Detchd,502,2,2Story,1920,GasA,0,128000
533,NAmes,Detchd,392,1,1Story,1955,GasA,0,107500
534,BrkSide,None,0,0,1Story,1946,GasA,0,39300
535,Gilbert,Attchd,403,2,2Story,2004,GasA,0,178000
536,Edwards,None,0,0,2Story,1910,GasA,0,107500
537,CollgCr,Attchd,527,2,2Story,1998,GasA,0,188000
538,NAmes,Detchd,576,2,1Story,1972,GasA,0,111250
539,Sawyer,Attchd,336,1,1Story,1968,GasA,0,158000
540,CollgCr,Attchd,670,2,1Story,2001,GasA,0,272000
541,Timber,Attchd,765,3,1Story,2006,GasA,0,315000
542,NoRidge,BuiltIn,648,3,2Story,2000,GasA,0,248000
543,NWAmes,Attchd,583,2,1Story,1998,GasA,0,213250
544,NAmes,Attchd,367,1,SFoyer,1998,GasA,0,133000
545,Gilbert,Attchd,426,2,2Story,2006,GasA,0,179665
546,NWAmes,Attchd,786,3,1.5Fin,1988,GasA,0,229000
547,BrkSide,Detchd,440,2,1.5Fin,1923,GasA,0,210000
548,Mitchel,Detchd,624,2,SFoyer,1970,GasA,0,129500
549,OldTown,Detchd,720,2,1Story,1955,GasA,0,125000
550,Somerst,BuiltIn,615,2,2Story,2003,GasA,0,263000
551,NPkVill,Attchd,440,2,1Story,1977,GasA,0,140000
552,OldTown,Attchd,288,1,1Story,1957,GasA,0,112500
553,NridgHt,Attchd,908,3,1Story,2006,GasA,0,255500
554,Edwards,Detchd,520,2,1Story,1949,GasA,0,108000
555,NridgHt,BuiltIn,871,3,2Story,2003,GasA,0,284000
556,BrkSide,Detchd,280,1,1.5Unf,1922,GasA,0,113000
557,NAmes,Attchd,299,1,1Story,1957,GasA,0,141000
558,IDOTRR,CarPort,570,1,1.5Fin,1920,GasA,0,108000
559,Gilbert,Attchd,406,2,2Story,1996,GasA,0,175000
560,Blmngtn,Attchd,420,2,1Story,2003,GasA,0,234000
561,Sawyer,Detchd,528,2,1Story,1957,GasA,0,121500
562,Mitchel,Attchd,418,2,1Story,1974,GasA,0,170000
563,Edwards,None,0,0,1Story,1940,GasA,0,108000
564,Edwards,Detchd,396,2,1.5Fin,1918,GasA,0,185000
565,NoRidge,Attchd,590,2,2Story,1992,GasA,0,268000
566,SWISU,Detchd,216,1,2Story,1915,GasA,0,128000
567,StoneBr,BuiltIn,656,3,2Story,2005,GasA,0,325000
568,NridgHt,Attchd,532,2,1Story,2004,GasA,0,214000
569,SawyerW,BuiltIn,612,2,1.5Fin,1983,GasA,0,316600
570,NAmes,Detchd,600,2,SFoyer,1979,GasA,0,135960
571,NAmes,Detchd,576,2,1Story,1965,GasA,0,142600
572,NAmes,Attchd,288,1,1Story,1959,GasA,0,120000
573,Timber,Attchd,650,2,2Story,2009,GasA,0,224500
574,Gilbert,BuiltIn,400,2,SLvl,2000,GasA,0,170000
575,NAmes,BuiltIn,288,1,SLvl,1971,GasA,0,139000
576,NAmes,Detchd,336,1,1.5Fin,1947,GasA,0,118500
577,SWISU,Detchd,216,1,1.5Fin,1928,GasA,0,145000
578,Sawyer,Attchd,564,2,SLvl,1966,GasA,0,164500
579,Somerst,Detchd,540,2,2Story,2007,GasA,0,146000
580,OldTown,Attchd,352,1,1.5Fin,1954,GasA,0,131500
581,NAmes,Attchd,572,2,1Story,1960,GasA,0,181900
582,NridgHt,Attchd,1390,3,1Story,2008,GasA,0,253293
583,Edwards,None,0,0,SFoyer,1990,GasA,0,118500
584,OldTown,Detchd,880,2,2.5Unf,1893,GasA,0,325000
585,BrkSide,Detchd,240,1,1.5Fin,1935,GasA,0,133000
586,Timber,Attchd,880,3,1Story,2005,GasA,0,369900
587,BrkSide,Detchd,275,1,1Story,1918,GasA,0,130000
588,Sawyer,Detchd,528,2,SFoyer,1982,GasA,0,137000
589,ClearCr,Attchd,452,1,1Story,1968,GasA,0,143000
590,BrkSide,Detchd,308,1,1Story,1930,GasA,0,79500
591,CollgCr,Attchd,520,2,2Story,2004,GasA,0,185900
592,NridgHt,BuiltIn,842,3,2Story,2008,GasA,0,451950
593,Mitchel,Detchd,816,2,1Story,1982,GasA,0,138000
594,CollgCr,Attchd,420,2,1Story,2003,GasA,0,140000
595,CollgCr,Detchd,280,1,1Story,1975,GasA,0,110000
596,StoneBr,Attchd,758,3,1Story,2005,GasA,0,319000
597,OldTown,Detchd,216,1,2Story,1910,GasA,0,114504
598,Blmngtn,Attchd,648,3,1Story,2006,GasA,0,194201
599,Crawfor,Attchd,621,2,1Story,1977,GasA,0,217500
600,Blueste,Attchd,452,2,2Story,1980,GasA,0,151000
601,NridgHt,BuiltIn,736,2,2Story,2005,GasA,0,275000
602,IDOTRR,Detchd,544,1,1.5Fin,1937,GasA,0,141000
603,SawyerW,Attchd,506,2,2Story,1992,GasA,0,220000
604,Somerst,Detchd,480,2,2Story,2004,GasA,0,151000
605,CollgCr,Attchd,530,2,1Story,2002,GasA,0,221000
606,NAmes,Attchd,486,2,2Story,1965,GasA,0,205000
607,CollgCr,Detchd,576,2,1Story,1996,GasA,0,152000
608,Edwards,Attchd,230,1,2Story,1948,GasA,0,225000
609,Crawfor,Basment,380,2,2Story,1934,GasA,0,359100
610,Sawyer,Attchd,261,1,1Story,1961,GasA,0,118500
611,CollgCr,Attchd,736,3,2Story,2000,GasA,0,313000
612,NWAmes,Attchd,564,2,SLvl,1978,GasA,0,148000
613,CollgCr,BuiltIn,531,2,2Story,2001,GasA,0,261500
614,Mitchel,None,0,0,1Story,2007,GasA,0,147000
615,MeadowV,None,0,0,SFoyer,1972,GasA,0,75500
616,NAmes,Attchd,480,2,SFoyer,1963,GasA,0,137500
617,Gilbert,Attchd,393,2,2Story,2002,GasA,0,183200
618,NAmes,Detchd,528,2,1.5Unf,1954,GasA,0,105500
619,NridgHt,Attchd,774,3,1Story,2007,GasA,0,314813
620,Timber,Attchd,749,3,2Story,2003,GasA,0,305000
621,Edwards,None,0,0,1Story,1914,GasA,0,67000
622,NWAmes,Attchd,624,2,2Story,1974,GasA,0,240000
623,Sawyer,Detchd,484,2,1Story,1977,GasA,0,135000
624,Somerst,Detchd,440,2,2Story,2000,GasA,0,168500
625,NWAmes,Attchd,484,2,2Story,1972,GasA,0,165150
626,NAmes,Attchd,440,2,1Story,1962,GasA,0,160000
627,NAmes,Attchd,286,1,1Story,1960,GasA,0,139900
628,NAmes,Basment,364,1,SLvl,1955,GasA,0,153000
629,NAmes,Attchd,504,2,2Story,1969,GasA,0,135000
630,NAmes,Attchd,520,2,SLvl,1964,GasA,0,168500
631,OldTown,Detchd,240,1,2Story,1880,GasA,0,124000
632,NridgHt,Attchd,627,2,1Story,2006,GasA,0,209500
633,NWAmes,Attchd,544,2,1Story,1977,GasA,0,82500
634,NAmes,Attchd,260,1,1Story,1954,GasA,0,139400
635,OldTown,Detchd,576,2,SFoyer,1980,GasA,0,144000
636,SWISU,None,0,0,2.5Fin,1914,GasA,0,200000
637,BrkSide,None,0,0,1Story,1936,Grav,0,60000
638,OldTown,BuiltIn,256,1,1.5Fin,1954,GasA,0,93000
639,Edwards,None,0,0,1Story,1910,GasA,0,85000
640,Blmngtn,Attchd,648,3,1Story,2006,GasA,0,264561
641,NridgHt,Attchd,588,2,1Story,2003,GasA,0,274000
642,Somerst,Attchd,650,2,2Story,2001,GasA,0,226000
643,NAmes,Attchd,538,2,SLvl,1972,GasA,0,345000
644,NWAmes,Attchd,462,2,2Story,1969,GasA,0,152000
645,Somerst,Attchd,478,3,1Story,2009,GasA,0,370878
646,NAmes,Detchd,576,2,1Story,1971,GasA,0,143250
647,NAmes,Detchd,420,2,1Story,1950,GasA,0,98300
648,Edwards,Attchd,495,2,1Story,1953,GasA,0,155000
649,NAmes,Attchd,442,2,2Story,1966,GasA,0,155000
650,MeadowV,None,0,0,SFoyer,1970,GasA,0,84500
651,Somerst,Attchd,562,2,2Story,2007,GasA,0,205950
652,Edwards,Detchd,296,1,2Story,1940,GasA,0,108000
653,CollgCr,Attchd,512,2,2Story,1996,GasA,0,191000
654,IDOTRR,Detchd,216,1,1.5Fin,1906,GasA,0,135000
655,NoRidge,Attchd,839,3,1Story,1995,GasA,0,350000
656,BrDale,Detchd,264,1,2Story,1971,GasA,0,88000
657,NAmes,Attchd,312,1,1Story,1959,GasA,0,145500
658,Crawfor,Attchd,270,1,2Story,1931,GasA,0,149000
659,NAmes,Attchd,330,1,1.5Fin,1948,GasA,0,97500
660,Edwards,Detchd,480,2,1Story,1964,GasA,0,167000
661,NWAmes,Attchd,550,2,2Story,1976,GasA,0,197900
662,NoRidge,Attchd,711,3,2Story,1994,GasA,0,402000
663,NAmes,Attchd,576,2,1Story,1968,GasA,0,110000
664,Edwards,Detchd,588,2,SFoyer,1972,GasA,0,137500
665,Somerst,Attchd,1134,3,1Story,2005,GasA,0,423000
666,Gilbert,Attchd,504,2,2Story,2000,GasA,0,230500
667,NAmes,CarPort,596,2,2Story,1965,GasA,0,129000
668,SawyerW,Attchd,575,2,1Story,1994,GasA,0,193500
669,Sawyer,Detchd,576,2,1Story,1956,GasA,0,168000
670,Crawfor,Detchd,252,1,1Story,1922,GasA,0,137500
671,CollgCr,Attchd,540,2,2Story,2005,GasA,0,173500
672,Edwards,Detchd,300,1,2Story,1925,GasA,0,103600
673,Veenker,Attchd,546,2,1Story,1977,GasA,0,165000
674,Crawfor,Attchd,416,2,1Story,1957,GasA,0,257500
675,NAmes,Attchd,384,1,1Story,1965,GasA,0,140000
676,NPkVill,Attchd,440,2,2Story,1978,GasA,0,148500
677,OldTown,2Types,779,3,2Story,1900,GasW,0,87000
678,OldTown,Detchd,240,1,1Story,1924,GasA,0,109500
679,StoneBr,Attchd,834,3,1Story,2008,GasA,0,372500
680,Sawyer,Detchd,572,2,1Story,1961,GasA,0,128500
681,SawyerW,Attchd,264,1,1Story,1980,GasA,0,143000
682,SWISU,Detchd,281,1,1.5Fin,1932,GasA,0,159434
683,ClearCr,Attchd,431,2,1Story,1996,GasA,0,173000
684,CollgCr,Attchd,702,3,1Story,2002,GasA,0,285000
685,NoRidge,Attchd,486,2,2Story,1998,GasA,0,221000
686,StoneBr,Attchd,577,2,2Story,1984,GasA,0,207500
687,Somerst,Attchd,578,2,2Story,2007,GasA,0,227875
688,Somerst,Detchd,480,2,2Story,2004,GasA,0,148800
689,StoneBr,Attchd,567,2,1Story,2007,GasA,0,392000
690,NridgHt,Attchd,460,2,1Story,2005,GasA,0,194700
691,CollgCr,Attchd,420,2,1Story,2004,GasA,0,141000
692,NoRidge,Attchd,832,3,2Story,1994,GasA,0,755000
693,Timber,Attchd,628,2,2Story,1989,GasA,0,335000
694,OldTown,Detchd,326,1,1Story,1921,GasA,0,108480
695,BrkSide,Detchd,576,2,1.5Fin,1936,GasA,0,141500
696,Timber,Attchd,551,2,1Story,1987,GasA,0,176000
697,BrkSide,Detchd,205,1,1Story,1921,GasA,0,89000
698,Edwards,Detchd,308,1,1Story,1952,GasA,0,123500
699,Sawyer,Detchd,336,1,1Story,1965,GasA,0,138500
700,Somerst,Attchd,530,2,1Story,2004,GasA,0,196000
701,Timber,Attchd,765,3,1Story,2002,GasA,0,312500
702,NWAmes,Attchd,528,2,1Story,1969,GasA,0,140000
703,StoneBr,BuiltIn,666,3,2Story,2006,GasA,0,361919
704,OldTown,Detchd,672,2,2Story,1900,GasA,0,140000
705,CollgCr,Attchd,606,2,1Story,2004,GasA,0,213000
706,IDOTRR,None,0,0,2Story,1930,GasA,0,55000
707,ClearCr,Attchd,739,2,1Story,1971,GasA,0,302000
708,NridgHt,Attchd,550,2,1Story,2006,GasA,0,254000
709,Gilbert,Attchd,400,2,2Story,2007,GasA,0,179540
710,Sawyer,Attchd,408,1,1Story,1966,GasA,0,109900
711,BrkSide,None,0,0,1Story,1935,GasA,0,52000
712,IDOTRR,Detchd,384,1,1.5Fin,1900,GasA,0,102776
713,StoneBr,Attchd,472,2,1Story,1988,GasA,0,189000
714,BrkSide,Detchd,576,2,1Story,1970,GasW,0,129000
715,Sawyer,Attchd,475,2,2Story,1976,GasA,0,130500
716,NWAmes,Attchd,478,2,1Story,1974,GasA,0,165000
717,OldTown,Detchd,704,2,2Story,1890,GasA,0,159500
718,NWAmes,Attchd,439,2,1Story,1973,GasA,0,157000
719,NoRidge,Attchd,983,3,2Story,1993,GasA,0,341000
720,CollgCr,Attchd,300,1,1Story,1969,GasA,0,128500
721,StoneBr,Attchd,564,2,1Story,1985,GasA,0,275000
722,CollgCr,Attchd,420,2,1Story,2004,GasA,0,143000
723,NAmes,Detchd,463,2,1Story,1970,GasA,0,124500
724,Edwards,Detchd,548,1,1.5Fin,1954,GasA,0,135000
725,Edwards,Attchd,768,3,1Story,2007,GasA,0,320000
726,NAmes,Detchd,660,2,1Story,1970,GasA,0,120500
727,Crawfor,Attchd,540,2,1Story,1988,GasA,0,222000
728,CollgCr,Attchd,632,2,1Story,2007,GasA,0,194500
729,NAmes,Detchd,888,3,1Story,1958,GasA,0,110000
730,IDOTRR,Detchd,539,2,1.5Fin,1925,GasA,0,103000
731,StoneBr,Attchd,608,2,1Story,1995,GasA,0,236500
732,Timber,Attchd,438,2,SLvl,2003,GasA,0,187500
733,CollgCr,Attchd,541,2,2Story,1998,GasA,0,222500
734,Sawyer,Attchd,264,1,1Story,1961,GasA,0,131400
735,Sawyer,Attchd,300,1,1Story,1968,GasA,0,108000
736,OldTown,Detchd,320,2,2.5Unf,1914,GasW,0,163000
737,NAmes,Detchd,400,2,1Story,1950,GasA,0,93500
738,Gilbert,Attchd,800,3,2Story,2005,GasA,0,239900
739,Edwards,None,0,0,1Story,1987,GasA,0,179000
740,CollgCr,Attchd,572,2,2Story,2004,GasA,0,190000
741,OldTown,Detchd,360,2,2Story,1910,GasA,0,132000
742,Sawyer,Detchd,288,1,1Story,1961,GasA,0,142000
743,SawyerW,Attchd,539,2,1Story,2000,GasA,0,179000
744,Sawyer,Attchd,480,2,SLvl,1963,GasA,0,175000
745,StoneBr,Attchd,462,2,1Story,1993,GasA,0,180000
746,NWAmes,BuiltIn,831,2,2Story,1976,GasA,0,299800
747,Gilbert,BuiltIn,554,2,2Story,2000,GasA,0,236000
748,OldTown,Detchd,864,4,2Story,1880,GasW,0,265979
749,NoRidge,Attchd,527,2,1Story,1996,GasA,0,260400
750,Edwards,Detchd,240,1,1.5Fin,1945,Wall,0,98000
751,OldTown,None,0,0,1.5Fin,1910,GasA,0,96500
752,Gilbert,Attchd,400,2,2Story,2003,GasA,0,162000
753,CollgCr,Attchd,576,2,1Story,1997,GasA,0,217000
754,NridgHt,Attchd,878,3,2Story,2005,GasA,0,275500
755,NAmes,Detchd,440,2,1Story,1969,GasA,0,156000
756,Somerst,Detchd,440,2,2Story,1999,GasA,0,172500
757,CollgCr,Attchd,578,2,2Story,2007,GasA,0,212000
758,Sawyer,Attchd,440,2,2Story,1978,GasA,0,158900
759,Somerst,Detchd,440,2,2Story,1999,GasA,0,179400
760,NoRidge,Attchd,752,3,2Story,1995,GasA,0,290000
761,NAmes,Detchd,300,1,1Story,1959,GasA,0,127500
762,BrkSide,Detchd,440,2,1Story,1924,GasA,0,100000
763,Somerst,Attchd,614,2,2Story,2009,GasA,0,215200
764,NoRidge,Attchd,856,3,2Story,1999,GasA,0,337000
765,Veenker,Attchd,481,2,1Story,1995,GasA,0,270000
766,Somerst,Attchd,592,2,1Story,2008,GasA,0,264132
767,NWAmes,Attchd,496,2,2Story,1988,GasA,0,196500
768,Mitchel,Attchd,423,1,1.5Fin,1940,GasA,0,160000
769,CollgCr,Attchd,484,2,1Story,2004,GasA,0,216837
770,StoneBr,BuiltIn,841,3,2Story,2003,GasA,0,538000
771,Sawyer,Detchd,576,2,SFoyer,1982,GasA,0,134900
772,Edwards,Detchd,396,2,1Story,1951,GasA,0,102000
773,Edwards,Detchd,672,2,SLvl,1976,GasA,0,107000
774,NAmes,Attchd,275,1,1Story,1958,GasA,0,114500
775,NridgHt,Attchd,895,3,1Story,2006,GasA,0,395000
776,Mitchel,Attchd,412,2,1Story,1998,GasA,0,162000
777,CollgCr,Attchd,865,3,1Story,2005,GasA,0,221500
778,Sawyer,Attchd,440,2,1Story,1974,GasA,0,142500
779,SawyerW,Detchd,630,2,1Story,1977,GasA,0,144000
780,Mitchel,Attchd,504,2,SFoyer,1977,GasA,0,135000
781,Gilbert,Attchd,402,2,1Story,1995,GasA,0,176000
782,SawyerW,Attchd,484,2,2Story,1992,GasA,0,175900
783,CollgCr,Attchd,605,2,1Story,2001,GasA,0,187100
784,Mitchel,Attchd,602,2,SFoyer,1978,GasA,0,165500
785,OldTown,None,0,0,2.5Unf,1914,GasA,0,128000
786,NWAmes,Attchd,457,2,1Story,1967,GasA,0,161500
787,OldTown,Detchd,416,1,1.5Fin,1915,GasA,0,139000
788,SawyerW,BuiltIn,618,2,2Story,2004,GasA,0,233000
789,OldTown,Detchd,281,1,1Story,1954,GasA,0,107900
790,ClearCr,Attchd,444,2,2Story,1966,GasA,0,187500
791,Blmngtn,Attchd,397,2,1Story,2005,GasA,0,160200
792,Mitchel,Attchd,539,2,SLvl,1976,GasA,0,146800
793,NoRidge,Attchd,455,2,2Story,1996,GasA,0,269790
794,Somerst,Attchd,474,2,1Story,2007,GasA,0,225000
795,Gilbert,Attchd,409,2,2Story,1994,GasA,0,194500
796,SawyerW,Attchd,476,2,2Story,1980,GasA,0,171000
797,Sawyer,Attchd,528,2,1Story,1977,GasA,0,143500
798,NAmes,Attchd,240,1,1Story,1953,GasA,0,110000
799,NridgHt,BuiltIn,820,3,2Story,2008,GasA,0,485000
800,SWISU,Detchd,240,1,1.5Fin,1937,GasA,0,175000
801,ClearCr,Attchd,603,2,2Story,1997,GasA,0,200000
802,IDOTRR,Detchd,440,2,1Story,1916,GasA,0,109900
803,CollgCr,Attchd,410,2,2Story,2005,GasA,0,189000
804,NridgHt,BuiltIn,1020,3,2Story,2008,GasA,0,582933
805,NAmes,Attchd,286,1,1Story,1954,GasA,0,118000
806,Somerst,Attchd,554,2,1Story,2008,GasA,0,227680
807,NAmes,Attchd,384,1,SLvl,1967,GasA,0,135500
808,BrkSide,Attchd,528,2,2Story,1923,GasA,0,223500
809,NAmes,Attchd,484,2,SLvl,1966,GasA,0,159950
810,OldTown,Detchd,360,2,2.5Unf,1898,GasA,0,106000
811,NWAmes,Attchd,484,2,1Story,1974,GasA,648,181000
812,CollgCr,Attchd,420,2,1Story,2004,GasA,0,144500
813,IDOTRR,Basment,504,2,1Story,1952,GasA,0,55993
814,NAmes,Attchd,301,1,1Story,1958,GasA,0,157900
815,Edwards,Detchd,280,1,1.5Fin,1918,GasW,0,116000
816,CollgCr,Attchd,598,2,1Story,1998,GasA,0,224900
817,NAmes,Attchd,275,1,1Story,1954,GasA,0,137000
818,Mitchel,Attchd,857,3,1Story,2002,GasA,0,271000
819,ClearCr,Attchd,440,2,SLvl,1971,GasA,0,155000
820,NridgHt,Attchd,484,2,1Story,2009,GasA,0,224000
821,CollgCr,Attchd,595,2,2Story,2003,GasA,0,183000
822,OldTown,Detchd,576,2,1Story,1953,GasA,0,93000
823,Gilbert,BuiltIn,433,2,2Story,2003,GasA,0,225000
824,SWISU,Detchd,240,1,1.5Fin,1940,GasA,0,139500
825,Somerst,Attchd,776,2,1Story,2006,GasA,0,232600
826,NridgHt,Attchd,1220,3,1Story,2007,GasA,0,385000
827,BrkSide,None,0,0,1.5Unf,1924,GasA,0,109500
828,SawyerW,Attchd,527,2,1Story,2001,GasA,0,189000
829,ClearCr,Attchd,538,2,2Story,1967,GasA,0,185000
830,Somerst,Detchd,480,2,2Story,2005,GasA,0,147400
831,NAmes,Attchd,458,2,1Story,1957,GasA,0,166000
832,Somerst,Detchd,480,2,2Story,2005,GasA,0,151000
833,CollgCr,Attchd,613,2,2Story,2003,GasA,0,237000
834,NAmes,Attchd,472,2,1Story,1964,GasA,0,167000
835,NAmes,Attchd,456,2,1Story,1961,GasA,0,139950
836,Sawyer,Attchd,436,2,1Story,1950,GasA,0,128000
837,OldTown,Detchd,812,2,1Story,1948,GasA,0,153500
838,BrDale,Detchd,264,1,2Story,1973,GasA,0,100000
839,CollgCr,Attchd,352,1,1Story,1995,GasA,0,144000
840,Edwards,Detchd,240,1,1.5Fin,1946,GasA,0,130500
841,SWISU,Detchd,400,1,2Story,1925,GasA,0,140000
842,OldTown,Detchd,686,2,2Story,1904,GasA,0,157500
843,NAmes,Attchd,490,2,SLvl,1966,GasA,0,174900
844,NAmes,None,0,0,1Story,1961,GasA,0,141000
845,OldTown,Detchd,720,3,1.5Fin,1915,GasA,0,153900
846,Sawyer,Basment,611,2,SFoyer,1975,GasA,0,171000
847,SawyerW,Attchd,425,2,2Story,1993,GasA,0,213000
848,CollgCr,Attchd,338,1,1Story,1972,GasA,0,133500
849,ClearCr,Detchd,360,2,1.5Fin,1908,GasA,0,240000
850,Veenker,Attchd,512,2,SLvl,1976,GasA,0,187000
851,CollgCr,Attchd,420,2,1Story,2003,GasA,0,131500
852,Blmngtn,Attchd,400,2,1Story,2003,GasA,0,215000
853,Crawfor,Detchd,240,1,2.5Unf,1941,GasA,0,164000
854,NAmes,Attchd,645,2,SLvl,1964,GasA,0,158000
855,Sawyer,Attchd,454,2,1Story,1955,GasA,0,170000
856,Sawyer,Detchd,260,1,1Story,1962,GasA,0,127000
857,CollgCr,Detchd,576,2,SLvl,1978,GasA,0,147000
858,Gilbert,Attchd,343,2,2Story,1994,GasA,0,174000
859,NWAmes,Attchd,479,2,1Story,1976,GasA,0,152000
860,NWAmes,Attchd,619,2,2Story,1968,GasA,0,250000
861,Crawfor,Detchd,216,1,1.5Fin,1918,GasA,0,189950
862,Sawyer,Attchd,504,2,1Story,1965,GasA,0,131500
863,SawyerW,Attchd,480,2,1Story,1984,GasA,0,152000
864,NAmes,Attchd,672,1,1Story,1959,GasA,0,132500
865,Somerst,Attchd,529,2,1Story,2007,GasA,0,250580
866,NAmes,Detchd,902,2,1Story,1970,GasA,0,148500
867,Timber,Attchd,870,3,1Story,2006,GasA,0,248900
868,Sawyer,Attchd,544,2,1Story,1961,GasA,0,129000
869,Gilbert,Attchd,672,2,2Story,1948,GasA,0,169000
870,SawyerW,Attchd,574,2,2Story,1993,GasA,0,236000
871,NAmes,Detchd,308,1,1Story,1962,GasA,0,109500
872,CollgCr,Attchd,523,2,2Story,1998,GasA,0,200500
873,NAmes,Attchd,414,2,1Story,1953,GasA,0,116000
874,NAmes,Attchd,288,1,1Story,1949,GasA,0,133000
875,OldTown,Detchd,200,1,1.5Fin,1941,GasA,0,66500
876,Somerst,BuiltIn,550,2,2Story,2007,GasA,0,303477
877,Mitchel,Attchd,648,2,1Story,1963,GasA,0,132250
878,NridgHt,Attchd,738,3,2Story,2004,GasA,0,350000
879,Sawyer,Detchd,576,2,SFoyer,1961,GasA,0,148000
880,CollgCr,Attchd,336,1,1Story,1978,GasA,0,136500
881,Edwards,Attchd,450,2,1Story,2005,GasA,0,157000
882,Timber,Attchd,400,2,1.5Fin,1990,GasA,0,187500
883,Gilbert,BuiltIn,389,2,2Story,1992,GasA,0,178000
884,SWISU,Detchd,440,1,2.5Fin,1912,GasA,0,118500
885,NAmes,Attchd,288,1,1Story,1967,GasA,0,100000
886,Somerst,Attchd,506,2,1Story,1999,GasA,0,328900
887,NAmes,Attchd,588,2,1Story,1959,GasA,0,145000
888,Edwards,Attchd,300,1,1.5Fin,1955,GasA,0,135500
889,NAmes,Attchd,621,2,1Story,1970,GasA,0,268000
890,NAmes,Attchd,505,2,1Story,1953,GasA,0,149500
891,NAmes,Detchd,576,2,1.5Fin,1949,GasA,0,122900
892,Sawyer,Attchd,440,2,2Story,1978,GasA,0,172500
893,Sawyer,Attchd,264,1,1Story,1963,GasA,0,154500
894,Sawyer,Attchd,354,1,1Story,1954,GasA,0,165000
895,SawyerW,Attchd,400,2,1Story,1979,GasA,0,118858
896,NAmes,Attchd,483,2,2Story,1963,GasA,0,140000
897,IDOTRR,Detchd,327,1,1Story,1936,GasA,0,106500
898,SawyerW,Detchd,528,2,2Story,1979,GasA,0,142953
899,NridgHt,Attchd,820,3,1Story,2009,GasA,0,611657
900,Sawyer,Attchd,288,1,1Story,1961,GasA,0,135000
901,NAmes,Detchd,684,1,1Story,1971,GasA,0,110000
902,NAmes,Detchd,756,1,1Story,1957,GasA,0,153000
903,Gilbert,Attchd,393,2,2Story,2003,GasA,0,180000
904,Gilbert,Attchd,690,3,1Story,2006,GasA,0,240000
905,Sawyer,Attchd,288,1,1Story,1967,GasA,0,125500
906,NAmes,Attchd,280,1,1Story,1954,GasA,0,128000
907,Somerst,Attchd,865,3,1Story,2006,GasA,0,255000
908,Crawfor,Attchd,180,1,1.5Fin,1936,GasA,0,250000
909,Mitchel,Attchd,484,2,1Story,1983,GasA,0,131000
910,Gilbert,Attchd,390,2,2Story,2005,GasA,0,174000
911,NAmes,Detchd,480,2,2Story,1960,GasA,0,154300
912,CollgCr,Detchd,252,1,1Story,1977,GasA,0,143500
913,BrkSide,Detchd,450,1,1Story,1925,GasA,0,88000
914,Crawfor,2Types,871,3,2Story,1949,GasA,0,145000
915,Somerst,Detchd,528,2,2Story,2009,GasA,0,173733
916,MeadowV,Attchd,286,1,2Story,1970,GasA,0,75000
917,IDOTRR,Detchd,308,1,1Story,1949,GasA,0,35311
918,Edwards,Attchd,284,1,1Story,1956,GasA,0,135000
919,SawyerW,Attchd,833,3,2Story,1991,GasA,0,238000
920,NAmes,Attchd,601,2,1Story,1958,GasA,0,176500
921,SawyerW,Attchd,471,2,2Story,1994,GasA,0,201000
922,Edwards,None,0,0,1.5Fin,1900,GasA,0,145900
923,Gilbert,Attchd,397,2,1Story,2005,GasA,0,169990
924,SawyerW,Attchd,533,2,1Story,1993,GasA,0,193000
925,NWAmes,Attchd,612,2,1Story,1980,GasA,0,207500
926,NWAmes,Attchd,540,2,1Story,1977,GasA,0,175000
927,NridgHt,BuiltIn,656,3,2Story,2003,GasA,0,285000
928,NWAmes,Attchd,486,2,2Story,1968,GasA,0,176000
929,CollgCr,Attchd,522,2,1Story,2001,GasA,0,236500
930,Gilbert,BuiltIn,642,2,2Story,1997,GasA,0,222000
931,Timber,Attchd,610,3,1Story,2007,GasA,0,201000
932,NAmes,Detchd,429,1,1Story,1965,GasA,0,117500
933,Somerst,Attchd,788,3,1Story,2006,GasA,0,320000
934,CollgCr,Attchd,570,2,1Story,2004,GasA,0,190000
935,NAmes,Attchd,505,2,1Story,1960,GasA,0,242000
936,BrkSide,Detchd,528,2,1Story,1926,GasA,0,79900
937,SawyerW,Attchd,555,2,1Story,2003,GasA,0,184900
938,Somerst,Attchd,689,2,2Story,2005,GasA,0,253000
939,CollgCr,Attchd,868,3,2Story,2006,GasA,0,239799
940,ClearCr,Attchd,349,1,2Story,1940,GasA,0,244400
941,Mitchel,Attchd,574,2,1Story,1976,GasA,0,150900
942,Gilbert,BuiltIn,390,2,2Story,1999,GasA,0,214000
943,Edwards,None,0,0,1Story,1977,GasA,0,150000
944,Mitchel,Attchd,576,2,1Story,1967,GasA,0,143000
945,Timber,Basment,525,2,SLvl,1958,GasA,0,137500
946,OldTown,Detchd,456,2,1.5Fin,1890,GasA,0,124900
947,NAmes,Attchd,796,1,SLvl,1959,GasA,0,143000
948,Timber,Attchd,808,3,1Story,2002,GasA,0,270000
949,CollgCr,Attchd,474,2,2Story,2002,GasA,0,192500
950,NWAmes,Attchd,676,2,1Story,1972,GasA,0,197500
951,NAmes,Detchd,720,2,1Story,1950,GasA,0,129000
952,SawyerW,Detchd,300,1,1Story,1965,GasA,0,119900
953,CollgCr,Detchd,396,1,SFoyer,1972,GasA,0,133900
954,Mitchel,Attchd,530,2,2Story,1969,GasA,0,172000
955,Edwards,None,0,0,SFoyer,1975,GasA,0,127500
956,Crawfor,Attchd,492,2,2Story,1946,GasA,0,145000
957,Blueste,Attchd,462,2,2Story,1980,GasA,0,124000
958,Sawyer,Detchd,576,2,1Story,1962,GasA,0,132000
959,CollgCr,Attchd,531,2,1Story,2003,GasA,0,185000
960,Somerst,Detchd,484,2,2Story,1999,GasA,0,155000
961,BrkSide,None,0,0,1Story,1958,GasA,0,116500
962,NWAmes,Attchd,619,2,2Story,1977,GasA,0,272000
963,NPkVill,Detchd,440,2,2Story,1976,GasA,0,155000
964,CollgCr,Attchd,702,2,1Story,2007,GasA,0,239000
965,Timber,BuiltIn,510,2,2Story,2002,GasA,0,214900
966,Gilbert,Attchd,393,2,2Story,2005,GasA,0,178900
967,Crawfor,Detchd,256,1,1.5Fin,1940,GasA,0,160000
968,NAmes,Attchd,260,1,1Story,1955,GasA,0,135000
969,OldTown,None,0,0,1.5Fin,1910,Grav,0,37900
970,NAmes,Attchd,264,1,SLvl,1958,GasA,0,140000
971,NAmes,None,0,0,1.5Fin,1949,GasA,0,135000
972,NridgHt,BuiltIn,474,2,2Story,2003,GasA,0,173000
973,SawyerW,Attchd,264,1,1Story,1979,GasA,0,99500
974,Somerst,Attchd,480,2,1Story,2007,GasA,0,182000
975,BrkSide,Detchd,532,2,2Story,1910,GasA,0,167500
976,Somerst,Detchd,490,2,2Story,2000,GasA,0,165000
977,BrkSide,None,0,0,1Story,1923,GasA,0,85500
978,Somerst,Attchd,569,2,1Story,2006,GasA,0,199900
979,Edwards,Detchd,400,2,1Story,1954,GasA,0,110000
980,Sawyer,Detchd,480,2,1Story,1963,GasA,0,139000
981,NAmes,Attchd,588,2,SFoyer,1961,GasA,0,178400
982,NoRidge,Attchd,676,3,2Story,1998,GasA,0,336000
983,Blmngtn,Attchd,388,2,1Story,2007,GasA,0,159895
984,CollgCr,Attchd,779,2,2Story,2002,GasA,0,255900
985,Mitchel,Attchd,539,2,1.5Fin,1977,GasA,0,126000
986,Edwards,Detchd,240,1,1Story,1950,GasW,0,125000
987,OldTown,Attchd,255,1,1.5Fin,1910,GasA,0,117000
988,NridgHt,Attchd,606,3,1Story,2009,GasA,0,395192
989,NWAmes,Attchd,551,2,2Story,1976,GasA,0,195000
990,Somerst,Attchd,614,2,2Story,2006,GasA,0,197000
991,NoRidge,Attchd,870,3,2Story,1997,GasA,0,348000
992,OldTown,Attchd,424,2,2Story,1882,GasA,0,168000
993,NAmes,Attchd,440,2,2Story,1964,GasA,0,187000
994,CollgCr,Attchd,564,2,2Story,2005,GasA,0,173900
995,NridgHt,Attchd,786,3,1Story,2006,GasA,0,337500
996,BrkSide,Detchd,305,1,1.5Fin,1946,GasA,0,121600
997,NAmes,Attchd,368,1,1Story,1961,GasA,0,136500
998,NWAmes,Attchd,615,2,1Story,1970,GasA,0,185000
999,IDOTRR,Detchd,210,1,1Story,1922,GasA,0,91000
1000,CollgCr,Attchd,632,2,1Story,2006,GasA,0,206000
1001,Edwards,Detchd,528,2,1Story,1952,GasW,0,82000
1002,OldTown,Detchd,216,1,1Story,1920,GasA,0,86000
1003,Somerst,Attchd,824,3,1Story,2006,GasA,0,232000
1004,NWAmes,Detchd,528,2,1Story,1976,GasA,0,136905
1005,Blmngtn,Attchd,457,2,1Story,2005,GasA,0,181000
1006,CollgCr,Attchd,328,1,SLvl,1977,GasA,0,149900
1007,NAmes,Attchd,484,2,1Story,1970,GasA,0,163500
1008,MeadowV,Attchd,286,1,2Story,1970,GasA,0,88000
1009,Mitchel,Attchd,550,2,1Story,2004,GasA,0,240000
1010,SWISU,None,0,0,1.5Fin,1926,GasA,0,102000
1011,Sawyer,Attchd,312,1,1.5Fin,1948,GasA,0,135000
1012,Edwards,None,0,0,1Story,1965,GasA,0,100000
1013,Crawfor,Detchd,180,1,2Story,1923,GasA,0,165000
1014,OldTown,Detchd,280,1,1Story,1910,GasW,0,85000
1015,NAmes,Detchd,240,1,1Story,1948,GasA,0,119200
1016,NWAmes,Attchd,528,2,2Story,2001,GasA,0,227000
1017,CollgCr,Attchd,478,2,1Story,1996,GasA,0,203000
1018,StoneBr,Attchd,565,2,1Story,1984,GasA,0,187500
1019,Gilbert,Attchd,402,2,SLvl,1991,GasA,0,160000
1020,Blmngtn,Attchd,440,2,1Story,2005,GasA,0,213490
1021,Edwards,Attchd,451,2,1Story,2005,GasA,0,176000
1022,CollgCr,Attchd,632,2,1Story,2006,GasA,0,194000
1023,OldTown,Detchd,160,1,1.5Fin,1930,GasA,0,87000
1024,Blmngtn,Attchd,437,2,1Story,2005,GasA,0,191000
1025,Timber,Attchd,665,2,1Story,1976,GasA,0,287000
1026,CollgCr,Detchd,461,2,1Story,1972,GasA,0,112500
1027,NAmes,Attchd,461,2,1Story,1960,GasA,0,167500
1028,Timber,Attchd,800,3,1Story,2007,GasA,0,293077
1029,NAmes,Attchd,240,1,1.5Fin,1941,GasA,0,105000
1030,BrDale,Detchd,264,1,2Story,1972,GasA,0,118000
1031,SWISU,None,0,0,2Story,1916,GasA,0,160000
1032,SWISU,Basment,672,2,2.5Fin,1920,GasA,0,197000
1033,NoRidge,Attchd,796,3,2Story,1993,GasA,0,310000
1034,CollgCr,Attchd,900,3,1Story,2002,GasA,0,230000
1035,Crawfor,Basment,240,1,1Story,1938,GasA,0,119750
1036,Edwards,Detchd,290,1,1Story,1957,GasA,0,84000
1037,Timber,Attchd,912,3,1Story,2007,GasA,0,315500
1038,CollgCr,BuiltIn,905,2,2Story,2001,GasA,0,287000
1039,MeadowV,None,0,0,2Story,1970,GasA,0,97000
1040,MeadowV,Attchd,286,1,SFoyer,1970,GasA,0,80000
1041,Sawyer,Attchd,484,2,1Story,1957,GasA,0,155000
1042,NWAmes,Attchd,484,2,2Story,1966,GasA,0,173000
1043,NridgHt,Attchd,624,2,1Story,2005,GasA,0,196000
1044,SawyerW,Attchd,514,2,2Story,1990,GasA,0,262280
1045,NWAmes,Attchd,542,2,1Story,1981,GasA,0,278000
1046,Edwards,Attchd,452,2,1Story,1955,GasA,0,139600
1047,StoneBr,BuiltIn,716,3,2Story,2005,GasA,0,556581
1048,CollgCr,Detchd,672,2,1Story,1994,GasA,0,145000
1049,Mitchel,Attchd,336,2,1Story,1960,GasA,0,115000
1050,Edwards,Detchd,308,1,1Story,1946,GasA,0,84900
1051,Gilbert,Attchd,436,2,1Story,2007,GasA,0,176485
1052,CollgCr,Attchd,440,2,1Story,2007,GasA,0,200141
1053,NAmes,Attchd,540,2,2Story,1964,GasA,0,165000
1054,Edwards,Basment,364,1,1Story,1957,GasA,0,144500
1055,CollgCr,Attchd,586,2,2Story,2002,GasA,0,255000
1056,NWAmes,Attchd,478,2,1Story,1976,GasA,0,180000
1057,NridgHt,Attchd,484,2,1Story,2005,GasA,0,185850
1058,NoRidge,BuiltIn,467,2,2Story,1994,GasA,0,248000
1059,NridgHt,Attchd,836,3,2Story,2008,GasA,0,335000
1060,Crawfor,Detchd,432,2,1.5Fin,1932,GasA,0,220000
1061,StoneBr,Attchd,582,2,1Story,2001,GasA,0,213500
1062,IDOTRR,Detchd,1248,3,1Story,1935,GasA,0,81000
1063,OldTown,Detchd,560,2,2Story,1900,GasA,0,90000
1064,OldTown,Detchd,440,2,1Story,1925,GasA,0,110500
1065,NAmes,Attchd,480,2,1Story,1966,GasA,0,154000
1066,ClearCr,Attchd,533,2,2Story,1996,GasA,0,328000
1067,Gilbert,Attchd,380,2,2Story,1993,GasA,0,178000
1068,NAmes,Attchd,442,2,2Story,1964,GasA,0,167900
1069,MeadowV,Attchd,576,2,2Story,1973,GasA,0,151400
1070,NAmes,Detchd,576,2,1.5Unf,1949,GasA,0,135000
1071,NAmes,Attchd,286,1,1Story,1956,GasA,0,135000
1072,NWAmes,Attchd,441,2,2Story,1968,GasA,0,154000
1073,Edwards,Detchd,280,1,1.5Fin,1948,GasA,0,91500
1074,Edwards,Attchd,440,2,2Story,1977,GasA,0,159500
1075,CollgCr,Attchd,826,3,1Story,2006,GasA,0,194000
1076,Crawfor,Attchd,240,1,2Story,1940,GasA,0,219500
1077,OldTown,Attchd,566,2,1.5Fin,1936,GasA,0,170000
1078,NAmes,Attchd,299,1,1Story,1969,GasA,0,138800
1079,CollgCr,Attchd,420,2,1Story,2004,GasA,0,155900
1080,CollgCr,Attchd,299,1,1Story,1994,GasA,0,126000
1081,NWAmes,Attchd,528,2,1Story,1971,GasA,0,145000
1082,Sawyer,Attchd,308,1,1Story,1963,GasA,0,133000
1083,CollgCr,Attchd,527,2,1Story,2002,GasA,0,192000
1084,NAmes,Attchd,461,1,1Story,1964,GasA,0,160000
1085,Gilbert,Attchd,409,2,2Story,1995,GasA,0,187500
1086,SawyerW,Attchd,564,2,SFoyer,1992,GasA,0,147000
1087,MeadowV,Attchd,286,1,2Story,1973,GasA,0,83500
1088,Somerst,Attchd,1043,3,2Story,2005,GasA,0,252000
1089,Edwards,Detchd,380,2,2Story,2004,GasA,0,137500
1090,Somerst,Attchd,550,2,1Story,2005,GasA,0,197000
1091,NAmes,Detchd,400,2,1Story,1950,Wall,0,92900
1092,Somerst,Detchd,462,2,2Story,1999,GasA,0,160000
1093,SWISU,Detchd,576,2,1.5Fin,1925,GasA,0,136500
1094,NAmes,Detchd,884,2,1Story,1965,GasA,0,146000
1095,NAmes,Attchd,308,1,1Story,1956,GasA,0,129000
1096,CollgCr,Attchd,440,2,1Story,2006,GasA,0,176432
1097,IDOTRR,None,0,0,2Story,1914,GasA,0,127000
1098,StoneBr,Attchd,461,2,1Story,1986,GasA,0,170000
1099,BrkSide,Detchd,240,1,1.5Fin,1936,GasA,0,128000
1100,NWAmes,Attchd,478,2,1Story,1978,GasA,0,157000
1101,SWISU,Detchd,246,1,1Story,1920,GasA,0,60000
1102,NAmes,Detchd,280,1,1Story,1971,GasA,0,119500
1103,NAmes,Attchd,254,1,1Story,1960,GasA,0,135000
1104,NAmes,BuiltIn,539,2,1Story,1959,GasA,0,159500
1105,BrDale,Detchd,440,2,2Story,1970,GasA,0,106000
1106,NoRidge,Attchd,712,2,2Story,1994,GasA,0,325000
1107,SawyerW,Attchd,719,2,1Story,1990,GasA,0,179900
1108,Gilbert,BuiltIn,422,2,2Story,2006,GasA,0,274725
1109,Gilbert,Attchd,463,2,2Story,2000,GasA,0,181000
1110,NridgHt,Attchd,862,3,1Story,2004,GasA,0,280000
1111,Gilbert,Attchd,431,2,2Story,1995,GasA,0,188000
1112,NWAmes,Attchd,483,2,2Story,1976,GasA,0,205000
1113,NAmes,Detchd,308,1,1Story,1957,GasA,0,129900
1114,NAmes,Attchd,240,1,1Story,1953,GasA,0,134500
1115,OldTown,Detchd,326,1,1Story,1954,GasA,0,117000
1116,NridgHt,Attchd,928,3,1Story,2007,GasA,0,318000
1117,Gilbert,BuiltIn,527,2,SLvl,2002,GasA,0,184100
1118,Sawyer,Attchd,450,2,1Story,1967,GasA,0,130000
1119,Sawyer,BuiltIn,300,1,SLvl,1958,GasA,0,140000
1120,NAmes,Attchd,286,1,1Story,1959,GasA,0,133700
1121,IDOTRR,Detchd,308,1,1Story,1920,GasA,0,118400
1122,CollgCr,Attchd,782,3,1Story,2005,GasA,0,212900
1123,Edwards,Basment,288,1,1Story,1956,GasA,0,112000
1124,Edwards,None,0,0,1Story,1947,GasA,0,118000
1125,Gilbert,Attchd,392,2,SLvl,1992,GasA,0,163900
1126,NAmes,Detchd,672,2,1Story,1955,GasA,0,115000
1127,Blmngtn,Attchd,660,3,1Story,2007,GasA,0,174000
1128,Gilbert,Attchd,630,3,1Story,2004,GasA,0,259000
1129,Gilbert,BuiltIn,434,2,2Story,2004,GasA,0,215000
1130,OldTown,Detchd,672,2,SFoyer,1980,GasA,0,140000
1131,SWISU,Detchd,576,2,1.5Fin,1928,GasA,0,135000
1132,Mitchel,None,0,0,1Story,1991,GasA,0,93500
1133,OldTown,Detchd,205,1,2Story,1880,GasW,0,117500
1134,SawyerW,Attchd,466,2,2Story,1995,GasA,0,239500
1135,Gilbert,Attchd,460,2,2Story,1997,GasA,0,169000
1136,BrkSide,Detchd,180,1,1Story,1926,GasA,0,102000
1137,NAmes,Attchd,288,1,1.5Fin,1950,GasA,0,119000
1138,Sawyer,None,0,0,1.5Fin,1875,GasA,0,94000
1139,Mitchel,Attchd,714,2,1Story,1977,GasA,0,196000
1140,BrkSide,Detchd,495,2,1Story,1920,GasA,0,144000
1141,NAmes,Detchd,840,2,1Story,1951,GasA,0,139000
1142,NWAmes,Attchd,484,2,2Story,1976,GasA,0,197500
1143,CollgCr,BuiltIn,1052,3,2Story,2006,GasA,0,424870
1144,Sawyer,None,0,0,1Story,1959,GasA,0,80000
1145,Edwards,Detchd,280,1,1.5Fin,1941,Grav,0,80000
1146,BrkSide,Detchd,225,1,1.5Fin,1928,GasA,0,149000
1147,SawyerW,Attchd,403,2,1Story,1985,GasA,0,180000
1148,Crawfor,Attchd,234,1,2Story,1941,GasA,0,174500
1149,OldTown,Detchd,288,1,1.5Fin,1926,GasA,0,116900
1150,OldTown,Detchd,324,2,2Story,1920,GasA,0,143000
1151,NAmes,Attchd,306,1,1Story,1950,GasA,0,124000
1152,Edwards,Attchd,528,2,1Story,1959,GasA,0,149900
1153,Crawfor,Attchd,470,2,1Story,1956,GasA,0,230000
1154,IDOTRR,Detchd,432,1,1Story,1930,GasA,0,120500
1155,NAmes,Attchd,492,2,2Story,1965,GasA,0,201800
1156,Veenker,Attchd,528,2,1Story,1976,GasA,0,218000
1157,NAmes,Attchd,502,2,SLvl,1965,GasA,0,179900
1158,NridgHt,Attchd,626,2,1Story,2007,GasA,0,230000
1159,Somerst,Attchd,830,3,1Story,2007,GasA,0,235128
1160,NWAmes,Attchd,540,2,2Story,1974,GasA,0,185000
1161,NPkVill,Attchd,440,2,2Story,1978,GasA,0,146000
1162,Crawfor,Detchd,924,2,1Story,1954,GasA,0,224000
1163,Sawyer,Attchd,450,2,1Story,1968,GasA,0,129000
1164,Sawyer,CarPort,400,2,SFoyer,1969,GasA,0,108959
1165,Veenker,Attchd,588,2,SLvl,1978,GasA,0,194000
1166,NridgHt,Attchd,644,2,1Story,2009,GasA,0,233170
1167,CollgCr,Attchd,776,3,1Story,2008,GasA,0,245350
1168,Gilbert,Attchd,472,2,2Story,2000,GasA,0,173000
1169,Edwards,Basment,540,2,2Story,1935,GasA,0,235000
1170,NoRidge,Attchd,807,3,2Story,1995,GasA,0,625000
1171,Mitchel,Attchd,358,1,SLvl,1977,GasA,576,171000
1172,NAmes,Attchd,433,2,1Story,1958,GasA,0,163000
1173,Somerst,Detchd,625,2,2Story,2006,GasA,0,171900
1174,ClearCr,None,0,0,1.5Fin,1946,GasA,0,200500
1175,Crawfor,Detchd,360,2,2Story,1932,GasA,0,239000
1176,NoRidge,Attchd,541,2,1.5Fin,1992,GasA,0,285000
1177,Mitchel,Attchd,264,1,1Story,1984,GasA,0,119500
1178,OldTown,Detchd,210,1,1.5Fin,1926,GasA,0,115000
1179,Crawfor,Detchd,186,1,1.5Fin,1921,GasA,0,154900
1180,Edwards,None,0,0,1Story,1954,GasA,0,93000
1181,Timber,Attchd,693,2,2Story,1990,GasA,0,250000
1182,Crawfor,Attchd,482,2,1Story,2008,GasA,0,392500
1183,NoRidge,Attchd,813,3,2Story,1996,GasA,555,745000
1184,OldTown,Detchd,720,2,1Story,1920,GasA,0,120000
1185,Timber,2Types,995,3,1Story,1963,GasA,0,186700
1186,Edwards,Attchd,392,1,1.5Fin,1924,GasA,0,104900
1187,OldTown,CarPort,420,2,2Story,1900,GasA,0,95000
1188,NoRidge,Attchd,757,3,1Story,1994,GasA,0,262000
1189,CollgCr,Attchd,493,2,2Story,2002,GasA,0,195000
1190,Gilbert,Attchd,442,2,2Story,1999,GasA,0,189000
1191,Mitchel,2Types,1356,4,1Story,1961,GasA,0,168000
1192,Somerst,Detchd,492,2,2Story,1999,GasA,0,174000
1193,OldTown,Detchd,250,1,1.5Fin,1925,GasA,0,125000
1194,Mitchel,Attchd,402,2,1Story,1999,GasA,0,165000
1195,Sawyer,Attchd,299,1,2Story,1969,GasA,0,158000
1196,Gilbert,Attchd,400,2,2Story,2005,GasA,0,176000
1197,Gilbert,BuiltIn,660,3,2Story,2006,GasA,0,219210
1198,OldTown,Detchd,225,1,2.5Unf,1916,GasA,0,144000
1199,CollgCr,Attchd,573,2,1Story,2001,GasA,0,178000
1200,Sawyer,Attchd,459,2,1Story,1963,GasA,0,148000
1201,NAmes,Attchd,280,1,1Story,1970,GasA,0,116050
1202,CollgCr,Attchd,546,2,2Story,1998,GasA,0,197900
1203,BrkSide,Detchd,216,1,1.5Fin,1925,GasA,0,117000
1204,CollgCr,Attchd,451,2,1Story,2000,GasA,0,213000
1205,NWAmes,Attchd,495,2,1Story,1975,GasA,0,153500
1206,SawyerW,Attchd,701,3,1Story,1990,GasA,0,271900
1207,SawyerW,Detchd,384,1,1Story,1966,GasA,0,107000
1208,CollgCr,Attchd,544,2,1Story,2003,GasA,0,200000
1209,NAmes,Detchd,506,2,1Story,1962,GasA,0,140000
1210,Somerst,Attchd,500,2,1Story,2006,GasA,0,290000
1211,SawyerW,Attchd,462,2,2Story,1992,GasA,0,189000
1212,Gilbert,Basment,492,2,1.5Fin,1988,GasA,0,164000
1213,Edwards,Attchd,234,1,1Story,1941,GasA,0,113000
1214,Sawyer,Attchd,364,1,SLvl,1965,GasA,0,145000
1215,NAmes,Attchd,300,1,SFoyer,1962,GasA,0,134500
1216,Sawyer,Detchd,384,1,1Story,1966,GasA,0,125000
1217,Sawyer,Attchd,539,2,1.5Fin,1978,GasA,0,112000
1218,Somerst,Attchd,552,2,1Story,2009,GasA,0,229456
1219,BrkSide,None,0,0,1.5Fin,1947,GasA,0,80500
1220,BrDale,None,0,0,2Story,1971,GasA,0,91500
1221,NAmes,Attchd,288,1,1Story,1964,GasA,0,115000
1222,Sawyer,Attchd,322,1,1Story,1968,GasA,0,134000
1223,NAmes,Attchd,315,1,1.5Fin,1949,GasA,0,143000
1224,NAmes,Detchd,528,2,1Story,1951,GasA,0,137900
1225,Gilbert,Attchd,388,2,2Story,2004,GasA,0,184000
1226,NAmes,Attchd,264,1,SLvl,1958,GasA,0,145000
1227,Somerst,BuiltIn,668,3,2Story,2007,GasA,0,214000
1228,NAmes,Detchd,576,2,1Story,1965,GasA,0,147000
1229,NridgHt,Attchd,1052,3,1Story,2008,GasA,0,367294
1230,NAmes,Basment,404,1,SLvl,1960,GasA,0,127000
1231,Sawyer,BuiltIn,600,2,1.5Fin,1977,GasA,0,190000
1232,NAmes,Attchd,540,2,SLvl,1962,GasA,0,132500
1233,NAmes,CarPort,462,2,1Story,1962,GasA,0,101800
1234,NAmes,Attchd,531,2,1Story,1959,GasA,0,142000
1235,SWISU,None,0,0,2Story,1911,GasA,0,130000
1236,Crawfor,Detchd,180,1,2Story,1914,GasA,0,138887
1237,NridgHt,BuiltIn,474,2,2Story,2003,GasA,0,175500
1238,CollgCr,BuiltIn,434,2,2Story,2004,GasA,0,195000
1239,SawyerW,Detchd,484,2,1Story,2005,GasA,0,142500
1240,Timber,Attchd,472,2,1Story,2006,GasA,0,265900
1241,CollgCr,Attchd,543,2,2Story,2003,GasA,0,224900
1242,Somerst,Attchd,954,3,1Story,2007,GasA,0,248328
1243,NWAmes,Attchd,528,2,SFoyer,1974,GasA,0,170000
1244,NridgHt,Attchd,850,3,1Story,2006,GasA,0,465000
1245,Crawfor,Detchd,400,2,2Story,1929,GasA,0,230000
1246,NWAmes,BuiltIn,477,2,SLvl,1984,GasA,0,178000
1247,Somerst,Attchd,615,2,2Story,2005,GasA,0,186500
1248,Mitchel,Attchd,888,3,SLvl,1976,GasA,0,169900
1249,OldTown,Detchd,396,2,2.5Unf,1917,OthW,0,129500
1250,NAmes,Attchd,276,1,1Story,1950,GasA,0,119000
1251,NAmes,Attchd,522,2,1Story,1968,GasA,0,244000
1252,NridgHt,Attchd,478,2,1Story,2003,GasA,0,171750
1253,Mitchel,Attchd,288,1,1Story,1968,GasA,0,130000
1254,Veenker,Attchd,518,2,2Story,1974,GasA,0,294000
1255,Edwards,BuiltIn,397,2,2Story,2003,GasA,0,165400
1256,BrkSide,Detchd,560,1,1.5Fin,1931,GasA,0,127500
1257,NoRidge,Attchd,691,2,1Story,1994,GasA,0,301500
1258,Edwards,None,0,0,1Story,1922,GasA,0,99900
1259,Gilbert,Attchd,400,2,SLvl,2005,GasA,0,190000
1260,NAmes,Attchd,460,2,1Story,1969,GasA,0,151000
1261,Gilbert,BuiltIn,502,2,2Story,1999,GasA,0,181000
1262,NAmes,Attchd,338,1,1Story,1956,GasA,0,128900
1263,ClearCr,Attchd,304,1,1.5Fin,1957,GasA,0,161500
1264,BrkSide,Detchd,520,2,2Story,1919,GasA,0,180500
1265,NAmes,Attchd,511,2,1Story,1998,GasA,0,181000
1266,Somerst,Detchd,506,2,2Story,1999,GasA,0,183900
1267,OldTown,Detchd,308,1,2.5Unf,1910,GasA,0,122000
1268,Timber,Attchd,746,3,1Story,2008,GasA,0,378500
1269,Crawfor,BuiltIn,1014,3,1.5Fin,1935,GasA,0,381000
1270,NAmes,Attchd,315,1,1.5Fin,1958,GasW,0,144000
1271,ClearCr,Attchd,586,2,1Story,1979,GasA,0,260000
1272,NWAmes,Attchd,462,2,1Story,1968,GasA,0,185750
1273,Sawyer,Attchd,288,1,1Story,1965,GasA,0,137000
1274,Edwards,Basment,312,1,SLvl,1959,GasA,0,177000
1275,Crawfor,Detchd,552,2,1.5Fin,1910,GasA,0,139000
1276,NAmes,Detchd,400,2,2Story,1948,GasA,0,137000
1277,NWAmes,Attchd,497,2,2Story,1972,GasA,0,162000
1278,NWAmes,Attchd,480,2,SLvl,1967,GasA,0,197900
1279,CollgCr,Attchd,577,2,2Story,2002,GasA,0,237000
1280,IDOTRR,Detchd,528,2,1.5Fin,1920,GasA,0,68400
1281,CollgCr,Attchd,544,2,1Story,2002,GasA,0,227000
1282,Timber,Attchd,484,2,1Story,1990,GasA,0,180000
1283,CollgCr,Detchd,484,2,1Story,1977,GasA,0,150500
1284,Mitchel,None,0,0,2Story,1971,GasA,0,139000
1285,SWISU,Detchd,336,1,1.5Fin,1919,GasA,0,169000
1286,BrkSide,Detchd,280,1,1.5Fin,1939,GasA,0,132500
1287,NWAmes,Attchd,528,2,1Story,1963,GasA,0,143000
1288,ClearCr,Attchd,390,2,1Story,1964,GasA,0,190000
1289,StoneBr,Attchd,499,2,1Story,2000,GasA,0,278000
1290,NridgHt,BuiltIn,753,3,2Story,2006,GasA,0,281000
1291,NAmes,Attchd,484,2,SLvl,1964,GasA,0,180500
1292,BrDale,Detchd,264,1,2Story,1972,GasA,0,119500
1293,OldTown,Attchd,432,1,2Story,1892,GasA,0,107500
1294,NWAmes,Attchd,528,2,2Story,1976,GasA,0,162900
1295,Edwards,Detchd,572,2,1Story,1955,GasA,0,115000
1296,NAmes,Attchd,288,1,1Story,1968,GasA,0,138500
1297,NAmes,Attchd,525,2,1Story,1963,GasA,0,155000
1298,Edwards,Basment,525,2,SFoyer,2005,GasA,0,140000
1299,Edwards,Attchd,1418,2,2Story,2008,GasA,480,160000
1300,NAmes,Attchd,305,1,1Story,1959,GasA,0,154000
1301,Gilbert,Attchd,490,2,2Story,1999,GasA,0,225000
1302,Crawfor,Attchd,213,1,2Story,1942,GasA,0,177500
1303,NoRidge,Attchd,844,3,2Story,1994,GasA,0,290000
1304,Somerst,Attchd,834,3,1Story,2005,GasA,0,232000
1305,Edwards,Detchd,380,2,2Story,2004,GasA,0,130000
1306,NridgHt,Attchd,840,2,1Story,2006,GasA,0,325000
1307,NridgHt,Attchd,474,2,1Story,2005,GasA,0,202500
1308,CollgCr,Detchd,480,2,1Story,1994,GasA,0,138000
1309,OldTown,Attchd,528,2,1Story,1948,GasA,0,147000
1310,SawyerW,Attchd,496,2,1Story,1991,GasA,0,179200
1311,Crawfor,Attchd,567,2,1Story,1959,GasA,0,335000
1312,CollgCr,Attchd,508,2,1Story,2005,GasA,0,203000
1313,NoRidge,Attchd,750,2,2Story,1990,GasA,0,302000
1314,NoRidge,BuiltIn,779,3,2Story,1999,GasA,0,333168
1315,Edwards,Detchd,280,1,1Story,1954,GasA,0,119000
1316,NAmes,Attchd,576,2,2Story,1969,GasA,0,206900
1317,CollgCr,Attchd,860,3,1Story,2008,GasA,0,295493
1318,Somerst,Attchd,466,2,1Story,2006,GasA,0,208900
1319,CollgCr,Attchd,748,3,1Story,2001,GasA,0,275000
1320,Edwards,Attchd,248,1,1Story,1954,GasA,0,111000
1321,NAmes,Attchd,442,2,1Story,1957,GasA,0,156500
1322,BrkSide,Detchd,287,1,1Story,1949,Floor,0,72500
1323,NoRidge,Attchd,564,2,2Story,1992,GasA,0,190000
1324,BrkSide,None,0,0,1Story,1940,GasA,0,82500
1325,Somerst,Attchd,895,3,1Story,2006,GasA,0,147000
1326,IDOTRR,None,0,0,1Story,1922,GasA,0,55000
1327,Edwards,None,0,0,1Story,1931,GasA,0,79000
1328,Mitchel,Attchd,264,1,1Story,1982,GasA,0,130500
1329,OldTown,Detchd,520,2,1.5Fin,1920,GasW,0,256000
1330,Gilbert,Attchd,462,2,2Story,1998,GasA,0,176500
1331,Somerst,Attchd,825,3,1Story,2006,GasA,0,227000
1332,CollgCr,Detchd,576,2,SLvl,1976,GasA,0,132500
1333,Edwards,Detchd,288,1,1Story,1938,GasA,0,100000
1334,IDOTRR,Detchd,297,1,1.5Fin,1938,GasA,0,125500
1335,BrDale,Attchd,440,2,2Story,1970,GasA,0,125000
1336,NWAmes,Attchd,630,2,1Story,1977,GasA,0,167900
1337,NWAmes,Detchd,506,2,1Story,1973,GasA,0,135000
1338,OldTown,None,0,0,1Story,1941,Grav,0,52500
1339,CollgCr,BuiltIn,492,2,2Story,2002,GasA,0,200000
1340,CollgCr,Attchd,288,1,1Story,1972,GasA,0,128500
1341,NAmes,Detchd,480,4,1Story,1971,GasA,0,123000
1342,SawyerW,Detchd,576,2,1Story,2003,GasA,0,155000
1343,CollgCr,Attchd,647,2,2Story,2002,GasA,0,228500
1344,Crawfor,Detchd,342,2,1.5Fin,1928,GasA,0,177000
1345,CollgCr,Attchd,440,2,2Story,2006,GasA,0,155835
1346,OldTown,Detchd,308,1,1Story,1920,GasA,0,108500
1347,NWAmes,Attchd,508,2,1Story,1968,GasA,0,262500
1348,Timber,Attchd,712,3,1Story,2006,GasA,0,283463
1349,SawyerW,Attchd,514,2,1Story,1998,GasA,0,215000
1350,OldTown,None,0,0,2Story,1872,OthW,0,122000
1351,NAmes,Detchd,968,4,2Story,1969,GasA,0,200000
1352,NAmes,Attchd,490,2,2Story,1962,GasA,0,171000
1353,BrkSide,Detchd,624,2,1.5Fin,1937,GasA,0,134900
1354,NoRidge,Attchd,666,3,1.5Fin,1995,GasA,0,410000
1355,CollgCr,Attchd,839,3,2Story,2000,GasA,0,235000
1356,NWAmes,Attchd,487,2,SLvl,1968,GasA,0,170000
1357,NAmes,Attchd,264,1,1Story,1966,GasA,0,110000
1358,NAmes,Attchd,500,2,1Story,1971,GasA,0,149900
1359,Somerst,Detchd,440,2,2Story,2000,GasA,0,177500
1360,NridgHt,Attchd,770,3,1Story,2004,GasA,0,315000
1361,SWISU,BuiltIn,621,2,2Story,1921,GasA,0,189000
1362,StoneBr,Attchd,430,2,1Story,2005,GasA,0,260000
1363,NAmes,Attchd,368,1,1.5Fin,1920,GasA,0,104900
1364,Gilbert,BuiltIn,432,2,2Story,2006,GasA,0,156932
1365,Somerst,Detchd,480,2,2Story,2005,GasA,0,144152
1366,Somerst,Attchd,663,2,2Story,2000,GasA,0,216000
1367,CollgCr,Attchd,588,2,2Story,1999,GasA,0,193000
1368,MeadowV,Attchd,336,1,2Story,1977,GasA,0,127000
1369,CollgCr,Attchd,420,2,1Story,2003,GasA,0,144000
1370,CollgCr,Attchd,502,2,1Story,2003,GasA,0,232000
1371,OldTown,Detchd,338,1,1.5Fin,1920,GasA,0,105000
1372,NAmes,BuiltIn,377,1,SLvl,1955,GasA,0,165500
1373,CollgCr,Detchd,583,2,2Story,1998,GasA,0,274300
1374,NoRidge,Attchd,804,3,1Story,2001,GasA,0,466500
1375,Somerst,Attchd,936,3,2Story,2005,GasA,0,250000
1376,Timber,Attchd,722,3,1Story,2007,GasA,0,239000
1377,SWISU,Detchd,160,1,1Story,1930,GasA,0,91000
1378,Edwards,Detchd,660,2,1.5Fin,1941,GasA,0,117000
1379,BrDale,Detchd,264,1,2Story,1973,GasA,0,83000
1380,Timber,BuiltIn,400,2,SLvl,2006,GasA,0,167500
1381,Edwards,Detchd,200,1,1Story,1914,GasA,0,58500
1382,NAmes,Attchd,550,2,1Story,1970,GasA,0,237500
1383,OldTown,Detchd,576,2,2Story,1920,GasA,0,157000
1384,Sawyer,Attchd,576,2,1Story,1918,GasA,0,112000
1385,Edwards,Detchd,280,1,1.5Fin,1939,GasA,0,105000
1386,IDOTRR,Detchd,240,1,1.5Fin,1922,GasA,0,125500
1387,NWAmes,Attchd,564,2,2Story,1978,GasA,519,250000
1388,OldTown,Detchd,216,1,1.5Fin,1916,GasW,0,136000
1389,Gilbert,Attchd,758,3,1Story,2006,GasA,0,377500
1390,BrkSide,Detchd,440,2,1.5Fin,1941,GasA,0,131000
1391,CollgCr,Attchd,541,2,1Story,2000,GasA,0,235000
1392,NAmes,Detchd,792,3,1Story,1967,GasA,0,124000
1393,NAmes,Attchd,288,1,SFoyer,1967,GasA,0,123000
1394,OldTown,Detchd,672,2,1.5Fin,1905,GasA,0,163000
1395,Blmngtn,Attchd,648,3,1Story,2006,GasA,0,246578
1396,Timber,BuiltIn,642,3,2Story,2005,GasA,0,281213
1397,Timber,Detchd,572,2,1Story,1948,GasA,0,160000
1398,BrkSide,Detchd,180,1,2Story,1920,GasA,0,137500
1399,NAmes,Attchd,240,1,1.5Fin,1950,GasA,0,138000
1400,SWISU,Detchd,216,1,1.5Fin,1925,GasA,0,137450
1401,BrkSide,BuiltIn,208,1,1.5Fin,1929,GasA,0,120000
1402,Gilbert,Attchd,398,2,2Story,2004,GasA,0,193000
1403,CollgCr,Attchd,662,2,1Story,2006,GasA,0,193879
1404,Somerst,Attchd,754,3,1Story,2007,GasA,0,282922
1405,OldTown,Detchd,936,3,1.5Fin,1915,GasA,0,105000
1406,Crawfor,Attchd,482,2,1Story,2004,GasA,0,275000
1407,CollgCr,Detchd,396,2,SFoyer,1972,GasA,0,133000
1408,Mitchel,None,0,0,1Story,1985,GasA,0,112000
1409,OldTown,Detchd,528,2,2Story,1910,GasA,0,125500
1410,NWAmes,Attchd,542,2,2Story,1986,GasA,0,215000
1411,CollgCr,Attchd,622,2,2Story,2001,GasA,0,230000
1412,NAmes,Attchd,271,1,1.5Fin,1950,GasA,0,140000
1413,NAmes,Detchd,420,2,1Story,1949,Wall,0,90000
1414,SawyerW,Attchd,620,2,1Story,2005,GasA,0,257000
1415,BrkSide,Detchd,370,2,1.5Fin,1923,GasA,0,207000
1416,Blmngtn,Attchd,660,3,1Story,2007,GasA,0,175900
1417,OldTown,Detchd,560,2,2Story,1885,GasA,0,122500
1418,NoRidge,Attchd,1069,3,2Story,1998,GasA,0,340000
1419,NAmes,Detchd,336,1,1Story,1963,GasA,0,124000
1420,Crawfor,Attchd,540,2,1Story,1969,GasA,0,223000
1421,NWAmes,Attchd,776,2,2Story,1968,GasA,0,179900
1422,NPkVill,Attchd,440,2,1Story,1977,GasA,0,127500
1423,CollgCr,Attchd,420,2,1Story,2003,GasA,0,136500
1424,Edwards,Attchd,432,2,SLvl,1966,GasA,738,274970
1425,NAmes,Detchd,484,1,1Story,1958,GasA,0,144000
1426,NAmes,Detchd,528,2,1Story,1959,GasA,0,142000
1427,NoRidge,Attchd,525,2,2Story,1994,GasA,0,271000
1428,NAmes,Attchd,288,1,1.5Fin,1945,GasA,0,140000
1429,OldTown,Attchd,240,1,1Story,1940,GasA,0,119000
1430,NWAmes,Attchd,467,2,1Story,1981,GasA,0,182900
1431,Gilbert,BuiltIn,372,2,2Story,2005,GasA,0,192140
1432,NPkVill,Attchd,440,2,1Story,1976,GasA,0,143750
1433,OldTown,Detchd,216,1,1Story,1927,GasA,0,64500
1434,Gilbert,Attchd,451,2,2Story,2000,GasA,0,186500
1435,Mitchel,Attchd,484,2,1Story,1977,GasA,0,160000
1436,NAmes,Attchd,462,2,1Story,1962,GasA,0,174000
1437,NAmes,Detchd,528,2,1Story,1971,GasA,0,120500
1438,NridgHt,Attchd,774,3,1Story,2008,GasA,0,394617
1439,OldTown,Attchd,923,2,1Story,1957,GasA,0,149700
1440,NWAmes,Attchd,550,2,SLvl,1979,GasA,0,197000
1441,Crawfor,Detchd,672,2,2.5Fin,1922,GasA,0,191000
1442,CollgCr,Attchd,420,2,1Story,2004,GasA,0,149300
1443,Somerst,Attchd,812,3,2Story,2008,GasA,0,310000
1444,BrkSide,Detchd,192,1,1.5Unf,1916,Grav,0,121000
1445,CollgCr,Attchd,626,2,1Story,2004,GasA,0,179600
1446,Sawyer,Detchd,240,1,SFoyer,1966,GasA,0,129000
1447,Mitchel,Attchd,312,1,1Story,1962,GasA,0,157900
1448,CollgCr,Attchd,556,2,2Story,1995,GasA,0,240000
1449,Edwards,Detchd,384,1,2Story,1910,GasA,0,112000
1450,MeadowV,None,0,0,SFoyer,1970,GasA,0,92000
1451,NAmes,None,0,0,2Story,1974,GasA,0,136000
1452,Somerst,Attchd,840,3,1Story,2008,GasA,0,287090
1453,Edwards,Basment,525,2,SLvl,2005,GasA,0,145000
1454,Mitchel,None,0,0,1Story,2006,GasA,0,84500
1455,Somerst,Attchd,400,2,1Story,2004,GasA,0,185000
1456,Gilbert,Attchd,460,2,2Story,1999,GasA,0,175000
1457,NWAmes,Attchd,500,2,1Story,1978,GasA,0,210000
1458,Crawfor,Attchd,252,1,2Story,1941,GasA,0,266500
1459,NAmes,Attchd,240,1,1Story,1950,GasA,0,142125
1460,Edwards,Attchd,276,1,1Story,1965,GasA,0,147500
